{
	"format_version": "1.8.0",
	"animations": {
		"idle": {
			"loop": true,
			"animation_length": 4,
			"bones": {
				"root": {
					"position": {
						"0.0": {
							"vector": [0, 0, 0]
						},
						"0.65": {
							"vector": [0, 0.1, 0]
						},
						"1.15": {
							"vector": [0, 0, 0]
						},
						"2.0": {
							"vector": [0, -0.6, 0]
						},
						"2.5": {
							"vector": [0, -0.7, 0]
						},
						"3.0": {
							"vector": [0, -0.6, 0]
						},
						"4.0": {
							"vector": [0, 0, 0]
						}
					}
				},
				"head": {
					"rotation": {
						"0.0": {
							"vector": [1, 0, 0]
						},
						"0.4": {
							"vector": [-1.33826, 0, 0]
						},
						"0.7": {
							"vector": [-1.98904, 0, 0]
						},
						"1.0": {
							"vector": [-1, 0, 0]
						},
						"1.4": {
							"vector": [1.33826, 0, 0]
						},
						"1.65": {
							"vector": [1.99726, 0, 0]
						},
						"1.95": {
							"vector": [1.25864, 0, 0]
						},
						"2.35": {
							"vector": [-1.08928, 0, 0]
						},
						"2.7": {
							"vector": [-1.98904, 0, 0]
						},
						"2.9": {
							"vector": [-1.48629, 0, 0]
						},
						"3.4": {
							"vector": [1.33826, 0, 0]
						},
						"3.7": {
							"vector": [1.98904, 0, 0]
						},
						"3.85": {
							"vector": [1.67734, 0, 0]
						},
						"4.0": {
							"vector": [1, 0, 0]
						}
					}
				},
				"mustache_X": {
					"rotation": {
						"0.0": {
							"vector": [-1.73205, 0, 0]
						},
						"0.15": {
							"vector": [-1.99726, 0, 0]
						},
						"0.45": {
							"vector": [-1.25864, 0, 0]
						},
						"0.85": {
							"vector": [1.08928, 0, 0]
						},
						"1.15": {
							"vector": [1.99726, 0, 0]
						},
						"1.45": {
							"vector": [1.25864, 0, 0]
						},
						"1.9": {
							"vector": [-1.33826, 0, 0]
						},
						"2.2": {
							"vector": [-1.98904, 0, 0]
						},
						"2.45": {
							"vector": [-1.25864, 0, 0]
						},
						"2.95": {
							"vector": [1.55429, 0, 0]
						},
						"3.15": {
							"vector": [1.99726, 0, 0]
						},
						"3.4": {
							"vector": [1.48629, 0, 0]
						},
						"4.0": {
							"vector": [-1.73205, 0, 0]
						}
					}
				},
				"body1": {
					"rotation": {
						"0.0": {
							"vector": [4.33013, 0, 0]
						},
						"0.2": {
							"vector": [4.97261, 0, 0]
						},
						"0.45": {
							"vector": [2.71572, 0, 0]
						},
						"0.9": {
							"vector": [-3.34565, 0, 0]
						},
						"1.15": {
							"vector": [-4.99315, 0, 0]
						},
						"1.4": {
							"vector": [-3.71572, 0, 0]
						},
						"1.9": {
							"vector": [2.88573, 0, 0]
						},
						"2.15": {
							"vector": [4.99315, 0, 0]
						},
						"2.45": {
							"vector": [3.1466, 0, 0]
						},
						"2.9": {
							"vector": [-2.88573, 0, 0]
						},
						"3.15": {
							"vector": [-4.99315, 0, 0]
						},
						"3.45": {
							"vector": [-3.71572, 0, 0]
						},
						"4.0": {
							"vector": [4.33013, 0, 0]
						}
					}
				},
				"tail1": {
					"rotation": {
						"0.0": {
							"vector": [7.5, 0, 0]
						},
						"0.35": {
							"vector": [14.97944, 0, 0]
						},
						"0.6": {
							"vector": [10.03696, 0, 0]
						},
						"1.05": {
							"vector": [-9.43981, 0, 0]
						},
						"1.35": {
							"vector": [-14.97944, 0, 0]
						},
						"1.6": {
							"vector": [-10.03696, 0, 0]
						},
						"2.05": {
							"vector": [9.43981, 0, 0]
						},
						"2.3": {
							"vector": [14.91783, 0, 0]
						},
						"2.6": {
							"vector": [10.03696, 0, 0]
						},
						"3.05": {
							"vector": [-9.43981, 0, 0]
						},
						"3.4": {
							"vector": [-14.67221, 0, 0]
						},
						"3.65": {
							"vector": [-8.16959, 0, 0]
						},
						"4.0": {
							"vector": [7.5, 0, 0]
						}
					}
				},
				"front_legs": {
					"rotation": {
						"0.0": {
							"vector": [5, 0, 0]
						},
						"0.4": {
							"vector": [-6.69131, 0, 0]
						},
						"0.65": {
							"vector": [-9.9863, 0, 0]
						},
						"0.95": {
							"vector": [-6.2932, 0, 0]
						},
						"1.4": {
							"vector": [6.69131, 0, 0]
						},
						"1.65": {
							"vector": [9.9863, 0, 0]
						},
						"1.9": {
							"vector": [7.43145, 0, 0]
						},
						"2.35": {
							"vector": [-5.44639, 0, 0]
						},
						"2.65": {
							"vector": [-9.9863, 0, 0]
						},
						"3.0": {
							"vector": [-5, 0, 0]
						},
						"3.45": {
							"vector": [7.77146, 0, 0]
						},
						"3.65": {
							"vector": [9.9863, 0, 0]
						},
						"3.85": {
							"vector": [8.38671, 0, 0]
						},
						"4.0": {
							"vector": [5, 0, 0]
						}
					}
				},
				"body2": {
					"rotation": {
						"0.0": {
							"vector": [-5, 0, 0]
						},
						"0.45": {
							"vector": [7.77146, 0, 0]
						},
						"0.7": {
							"vector": [9.94522, 0, 0]
						},
						"0.95": {
							"vector": [6.2932, 0, 0]
						},
						"1.4": {
							"vector": [-6.69131, 0, 0]
						},
						"1.7": {
							"vector": [-9.94522, 0, 0]
						},
						"1.95": {
							"vector": [-6.2932, 0, 0]
						},
						"2.4": {
							"vector": [6.69131, 0, 0]
						},
						"2.65": {
							"vector": [9.9863, 0, 0]
						},
						"3.0": {
							"vector": [5, 0, 0]
						},
						"3.4": {
							"vector": [-6.69131, 0, 0]
						},
						"3.65": {
							"vector": [-9.9863, 0, 0]
						},
						"4.0": {
							"vector": [-5, 0, 0]
						}
					}
				},
				"body3": {
					"rotation": {
						"0.0": {
							"vector": [-8.66025, 0, 0]
						},
						"0.25": {
							"vector": [-9.9863, 0, 0]
						},
						"0.5": {
							"vector": [-6.2932, 0, 0]
						},
						"0.85": {
							"vector": [5.44639, 0, 0]
						},
						"1.15": {
							"vector": [9.9863, 0, 0]
						},
						"1.45": {
							"vector": [6.2932, 0, 0]
						},
						"1.9": {
							"vector": [-6.69131, 0, 0]
						},
						"2.15": {
							"vector": [-9.9863, 0, 0]
						},
						"2.4": {
							"vector": [-7.43145, 0, 0]
						},
						"2.9": {
							"vector": [6.69131, 0, 0]
						},
						"3.15": {
							"vector": [9.9863, 0, 0]
						},
						"3.5": {
							"vector": [5, 0, 0]
						},
						"3.8": {
							"vector": [-4.06737, 0, 0]
						},
						"4.0": {
							"vector": [-8.66025, 0, 0]
						}
					}
				},
				"body4": {
					"rotation": {
						"0.0": {
							"vector": [0, 0, 0]
						},
						"0.35": {
							"vector": [-11.3651, 0, 0]
						},
						"0.55": {
							"vector": [-14.81533, 0, 0]
						},
						"0.8": {
							"vector": [-10.6066, 0, 0]
						},
						"1.25": {
							"vector": [10.6066, 0, 0]
						},
						"1.5": {
							"vector": [15, 0, 0]
						},
						"1.8": {
							"vector": [8.81678, 0, 0]
						},
						"2.25": {
							"vector": [-10.6066, 0, 0]
						},
						"2.5": {
							"vector": [-15, 0, 0]
						},
						"2.8": {
							"vector": [-8.81678, 0, 0]
						},
						"3.2": {
							"vector": [8.81678, 0, 0]
						},
						"3.5": {
							"vector": [15, 0, 0]
						},
						"3.8": {
							"vector": [8.81678, 0, 0]
						},
						"4.0": {
							"vector": [0, 0, 0]
						}
					}
				},
				"body5": {
					"rotation": {
						"0.0": {
							"vector": [12.99038, 0, 0]
						},
						"0.45": {
							"vector": [-9.33981, 0, 0]
						},
						"0.8": {
							"vector": [-14.91783, 0, 0]
						},
						"1.1": {
							"vector": [-10.03696, 0, 0]
						},
						"1.5": {
							"vector": [7.5, 0, 0]
						},
						"1.8": {
							"vector": [14.91783, 0, 0]
						},
						"2.15": {
							"vector": [8.16959, 0, 0]
						},
						"2.6": {
							"vector": [-11.14717, 0, 0]
						},
						"2.85": {
							"vector": [-14.97944, 0, 0]
						},
						"3.15": {
							"vector": [-8.16959, 0, 0]
						},
						"3.5": {
							"vector": [11.24717, 0, 0]
						},
						"3.75": {
							"vector": [15.07944, 0, 0]
						},
						"4.0": {
							"vector": [12.99038, 0, 0]
						}
					}
				},
				"back_legs": {
					"rotation": {
						"0.0": {
							"vector": [1.33975, 0, 0]
						},
						"0.55": {
							"vector": [16.2932, 0, 0]
						},
						"0.85": {
							"vector": [19.9863, 0, 0]
						},
						"1.15": {
							"vector": [15.44639, 0, 0]
						},
						"1.6": {
							"vector": [2.56855, 0, 0]
						},
						"1.9": {
							"vector": [0.21852, 0, 0]
						},
						"2.15": {
							"vector": [4.55361, 0, 0]
						},
						"2.6": {
							"vector": [17.43145, 0, 0]
						},
						"2.85": {
							"vector": [19.9863, 0, 0]
						},
						"3.15": {
							"vector": [15.44639, 0, 0]
						},
						"3.6": {
							"vector": [2.56855, 0, 0]
						},
						"3.85": {
							"vector": [0.0137, 0, 0]
						},
						"4.0": {
							"vector": [1.33975, 0, 0]
						}
					}
				},
				"right_mustache1": {
					"rotation": {
						"0.0": {
							"vector": [0, 0, 0]
						},
						"0.3": {
							"vector": [0, 0, 1.61803]
						},
						"0.55": {
							"vector": [0, 0, 1.97538]
						},
						"0.8": {
							"vector": [0, 0, 1.17557]
						},
						"1.25": {
							"vector": [0, 0, -1.41421]
						},
						"1.5": {
							"vector": [0, 0, -2]
						},
						"1.7": {
							"vector": [0, 0, -1.61803]
						},
						"2.25": {
							"vector": [0, 0, 1.41421]
						},
						"2.5": {
							"vector": [0, 0, 2]
						},
						"2.85": {
							"vector": [0, 0, 0.90798]
						},
						"3.3": {
							"vector": [0, 0, -1.61803]
						},
						"3.5": {
							"vector": [0, 0, -2]
						},
						"3.75": {
							"vector": [0, 0, -1.41421]
						},
						"4.0": {
							"vector": [0, 0, 0]
						}
					}
				},
				"right_mustache2": {
					"rotation": {
						"0.0": {
							"vector": [0, 0, 1.73205]
						},
						"0.55": {
							"vector": [0, 0, -1.25864]
						},
						"0.85": {
							"vector": [0, 0, -1.99726]
						},
						"1.05": {
							"vector": [0, 0, -1.55429]
						},
						"1.55": {
							"vector": [0, 0, 1.25864]
						},
						"1.85": {
							"vector": [0, 0, 1.99726]
						},
						"2.15": {
							"vector": [0, 0, 1.08928]
						},
						"2.6": {
							"vector": [0, 0, -1.48629]
						},
						"2.85": {
							"vector": [0, 0, -1.99726]
						},
						"3.1": {
							"vector": [0, 0, -1.33826]
						},
						"3.55": {
							"vector": [0, 0, 1.25864]
						},
						"3.8": {
							"vector": [0, 0, 1.98904]
						},
						"4.0": {
							"vector": [0, 0, 1.73205]
						}
					}
				},
				"right_mustache3": {
					"rotation": {
						"0.0": {
							"vector": [0, 0, 0]
						},
						"0.25": {
							"vector": [0, 0, 7.07107]
						},
						"0.5": {
							"vector": [0, 0, 10]
						},
						"0.75": {
							"vector": [0, 0, 7.07107]
						},
						"1.2": {
							"vector": [0, 0, -5.87785]
						},
						"1.5": {
							"vector": [0, 0, -10]
						},
						"1.75": {
							"vector": [0, 0, -7.07107]
						},
						"2.25": {
							"vector": [0, 0, 7.07107]
						},
						"2.5": {
							"vector": [0, 0, 10]
						},
						"2.8": {
							"vector": [0, 0, 5.87785]
						},
						"3.3": {
							"vector": [0, 0, -8.09017]
						},
						"3.5": {
							"vector": [0, 0, -10]
						},
						"3.75": {
							"vector": [0, 0, -7.07107]
						},
						"4.0": {
							"vector": [0, 0, 0]
						}
					}
				},
				"mouth": {
					"rotation": {
						"0.0": {
							"vector": [3.26795, 0, 0]
						},
						"0.2": {
							"vector": [4.18653, 0, 0]
						},
						"0.6": {
							"vector": [6.48629, 0, 0]
						},
						"0.85": {
							"vector": [6.99726, 0, 0]
						},
						"1.1": {
							"vector": [6.33826, 0, 0]
						},
						"1.6": {
							"vector": [3.51371, 0, 0]
						},
						"1.85": {
							"vector": [3.00274, 0, 0]
						},
						"2.15": {
							"vector": [3.91072, 0, 0]
						},
						"2.55": {
							"vector": [6.25864, 0, 0]
						},
						"2.85": {
							"vector": [6.99726, 0, 0]
						},
						"3.2": {
							"vector": [5.81347, 0, 0]
						},
						"3.65": {
							"vector": [3.32266, 0, 0]
						},
						"3.85": {
							"vector": [3.00274, 0, 0]
						},
						"4.0": {
							"vector": [3.26795, 0, 0]
						}
					}
				},
				"left_mustache1": {
					"rotation": {
						"0.0": {
							"vector": [0, 0, 0]
						},
						"0.3": {
							"vector": [0, 0, -1.61803]
						},
						"0.5": {
							"vector": [0, 0, -2]
						},
						"0.75": {
							"vector": [0, 0, -1.41421]
						},
						"1.25": {
							"vector": [0, 0, 1.41421]
						},
						"1.5": {
							"vector": [0, 0, 2]
						},
						"1.8": {
							"vector": [0, 0, 1.17557]
						},
						"2.25": {
							"vector": [0, 0, -1.41421]
						},
						"2.5": {
							"vector": [0, 0, -2]
						},
						"2.85": {
							"vector": [0, 0, -0.90798]
						},
						"3.25": {
							"vector": [0, 0, 1.41421]
						},
						"3.45": {
							"vector": [0, 0, 1.97538]
						},
						"3.65": {
							"vector": [0, 0, 1.78201]
						},
						"3.85": {
							"vector": [0, 0, 0.90798]
						},
						"4.0": {
							"vector": [0, 0, 0]
						}
					}
				},
				"left_mustache2": {
					"rotation": {
						"0.0": {
							"vector": [0, 0, -1.73205]
						},
						"0.15": {
							"vector": [0, 0, -1.08928]
						},
						"0.55": {
							"vector": [0, 0, 1.25864]
						},
						"0.85": {
							"vector": [0, 0, 1.99726]
						},
						"1.1": {
							"vector": [0, 0, 1.33826]
						},
						"1.6": {
							"vector": [0, 0, -1.48629]
						},
						"1.85": {
							"vector": [0, 0, -1.99726]
						},
						"2.1": {
							"vector": [0, 0, -1.33826]
						},
						"2.5": {
							"vector": [0, 0, 1]
						},
						"2.85": {
							"vector": [0, 0, 1.99726]
						},
						"3.1": {
							"vector": [0, 0, 1.33826]
						},
						"3.6": {
							"vector": [0, 0, -1.48629]
						},
						"3.85": {
							"vector": [0, 0, -1.99726]
						},
						"4.0": {
							"vector": [0, 0, -1.73205]
						}
					}
				},
				"left_mustache3": {
					"rotation": {
						"0.0": {
							"vector": [0, 0, 0]
						},
						"0.3": {
							"vector": [0, 0, -8.09017]
						},
						"0.5": {
							"vector": [0, 0, -10]
						},
						"0.7": {
							"vector": [0, 0, -8.09017]
						},
						"1.2": {
							"vector": [0, 0, 5.87785]
						},
						"1.5": {
							"vector": [0, 0, 10]
						},
						"1.8": {
							"vector": [0, 0, 5.87785]
						},
						"2.3": {
							"vector": [0, 0, -8.09017]
						},
						"2.5": {
							"vector": [0, 0, -10]
						},
						"2.8": {
							"vector": [0, 0, -5.87785]
						},
						"3.25": {
							"vector": [0, 0, 7.07107]
						},
						"3.5": {
							"vector": [0, 0, 10]
						},
						"3.7": {
							"vector": [0, 0, 8.09017]
						},
						"4.0": {
							"vector": [0, 0, 0]
						}
					}
				},
				"tail2": {
					"rotation": {
						"0.0": {
							"vector": [9.36164, 0, 0]
						},
						"0.35": {
							"vector": [12.81898, 0, 0]
						},
						"0.6": {
							"vector": [10.85929, 0, 0]
						},
						"1.05": {
							"vector": [-1.64923, 0, 0]
						},
						"1.35": {
							"vector": [-5.24999, 0, 0]
						},
						"1.6": {
							"vector": [-2.03738, 0, 0]
						},
						"2.05": {
							"vector": [10.62252, 0, 0]
						},
						"2.3": {
							"vector": [12.79455, 0, 0]
						},
						"2.6": {
							"vector": [10.85929, 0, 0]
						},
						"3.05": {
							"vector": [-1.64923, 0, 0]
						},
						"3.4": {
							"vector": [-5.05029, 0, 0]
						},
						"3.65": {
							"vector": [-0.82359, 0, 0]
						},
						"4.0": {
							"vector": [9.36164, 0, 0]
						}
					}
				}
			}
		},
		"walk": {
			"loop": true,
			"animation_length": 4,
			"bones": {
				"root": {
					"position": {
						"0.0": {
							"vector": [0, 0, 0]
						},
						"0.35": {
							"vector": [0, 0.1, 0]
						},
						"0.6": {
							"vector": [0, 0, 0]
						},
						"1.0": {
							"vector": [0, -0.6, 0]
						},
						"1.25": {
							"vector": [0, -0.7, 0]
						},
						"1.5": {
							"vector": [0, -0.6, 0]
						},
						"2.0": {
							"vector": [0, 0, 0]
						},
						"2.35": {
							"vector": [0, 0.1, 0]
						},
						"2.6": {
							"vector": [0, 0, 0]
						},
						"3.0": {
							"vector": [0, -0.6, 0]
						},
						"3.25": {
							"vector": [0, -0.7, 0]
						},
						"3.5": {
							"vector": [0, -0.6, 0]
						},
						"4.0": {
							"vector": [0, 0, 0]
						}
					}
				},
				"head": {
					"rotation": {
						"0.0": {
							"vector": [1, 0, 0]
						},
						"0.2": {
							"vector": [-1.33826, 0, 0]
						},
						"0.35": {
							"vector": [-1.98904, 0, 0]
						},
						"0.5": {
							"vector": [-1, 0, 0]
						},
						"0.7": {
							"vector": [1.33826, 0, 0]
						},
						"0.85": {
							"vector": [1.99726, 0, 0]
						},
						"1.0": {
							"vector": [1.25864, 0, 0]
						},
						"1.2": {
							"vector": [-1.08928, 0, 0]
						},
						"1.35": {
							"vector": [-1.98904, 0, 0]
						},
						"1.5": {
							"vector": [-1.48629, 0, 0]
						},
						"1.7": {
							"vector": [1.33826, 0, 0]
						},
						"1.85": {
							"vector": [1.98904, 0, 0]
						},
						"2.0": {
							"vector": [1, 0, 0]
						},
						"2.2": {
							"vector": [-1.33826, 0, 0]
						},
						"2.35": {
							"vector": [-1.98904, 0, 0]
						},
						"2.5": {
							"vector": [-1, 0, 0]
						},
						"2.7": {
							"vector": [1.33826, 0, 0]
						},
						"2.85": {
							"vector": [1.99726, 0, 0]
						},
						"3.0": {
							"vector": [1.25864, 0, 0]
						},
						"3.2": {
							"vector": [-1.08928, 0, 0]
						},
						"3.35": {
							"vector": [-1.98904, 0, 0]
						},
						"3.5": {
							"vector": [-1.48629, 0, 0]
						},
						"3.7": {
							"vector": [1.33826, 0, 0]
						},
						"3.85": {
							"vector": [1.98904, 0, 0]
						},
						"4.0": {
							"vector": [1, 0, 0]
						}
					}
				},
				"mustache_X": {
					"rotation": {
						"0.0": {
							"vector": [-1.73205, 0, 0]
						},
						"0.1": {
							"vector": [-1.99726, 0, 0]
						},
						"0.25": {
							"vector": [-1.25864, 0, 0]
						},
						"0.45": {
							"vector": [1.08928, 0, 0]
						},
						"0.6": {
							"vector": [1.99726, 0, 0]
						},
						"0.75": {
							"vector": [1.25864, 0, 0]
						},
						"0.95": {
							"vector": [-1.33826, 0, 0]
						},
						"1.1": {
							"vector": [-1.98904, 0, 0]
						},
						"1.25": {
							"vector": [-1.25864, 0, 0]
						},
						"1.45": {
							"vector": [1.55429, 0, 0]
						},
						"1.6": {
							"vector": [1.99726, 0, 0]
						},
						"1.75": {
							"vector": [1.48629, 0, 0]
						},
						"1.95": {
							"vector": [-1.25864, 0, 0]
						},
						"2.1": {
							"vector": [-1.99726, 0, 0]
						},
						"2.25": {
							"vector": [-1.25864, 0, 0]
						},
						"2.45": {
							"vector": [1.08928, 0, 0]
						},
						"2.6": {
							"vector": [1.99726, 0, 0]
						},
						"2.75": {
							"vector": [1.25864, 0, 0]
						},
						"2.95": {
							"vector": [-1.33826, 0, 0]
						},
						"3.1": {
							"vector": [-1.98904, 0, 0]
						},
						"3.25": {
							"vector": [-1.25864, 0, 0]
						},
						"3.45": {
							"vector": [1.55429, 0, 0]
						},
						"3.6": {
							"vector": [1.99726, 0, 0]
						},
						"3.75": {
							"vector": [1.48629, 0, 0]
						},
						"4.0": {
							"vector": [-1.73205, 0, 0]
						}
					}
				},
				"body1": {
					"rotation": {
						"0.0": {
							"vector": [4.33013, 0, 0]
						},
						"0.6": {
							"vector": [-4.97261, 0, 0]
						},
						"1.1": {
							"vector": [4.97261, 0, 0]
						},
						"1.6": {
							"vector": [-4.97261, 0, 0]
						},
						"2.1": {
							"vector": [4.97261, 0, 0]
						},
						"2.55": {
							"vector": [-4.89074, 0, 0]
						},
						"3.1": {
							"vector": [4.97261, 0, 0]
						},
						"3.6": {
							"vector": [-4.97261, 0, 0]
						},
						"4.0": {
							"vector": [4.33013, 0, 0]
						}
					}
				},
				"tail1": {
					"rotation": {
						"0.0": {
							"vector": [7.5, 0, 0]
						},
						"0.2": {
							"vector": [15.91783, 0, 0]
						},
						"0.65": {
							"vector": [-14.91783, 0, 0]
						},
						"1.15": {
							"vector": [14.91783, 0, 0]
						},
						"1.65": {
							"vector": [-14.91783, 0, 0]
						},
						"2.15": {
							"vector": [14.91783, 0, 0]
						},
						"2.65": {
							"vector": [-14.91783, 0, 0]
						},
						"3.15": {
							"vector": [14.91783, 0, 0]
						},
						"3.65": {
							"vector": [-14.91783, 0, 0]
						},
						"4.0": {
							"vector": [7.5, 0, 0]
						}
					}
				},
				"front_legs": {
					"rotation": {
						"0.0": {
							"vector": [34, 0, 0]
						},
						"0.2": {
							"vector": [22.30869, 0, 0]
						},
						"0.35": {
							"vector": [19.0137, 0, 0]
						},
						"0.5": {
							"vector": [22.7068, 0, 0]
						},
						"0.7": {
							"vector": [35.69131, 0, 0]
						},
						"0.85": {
							"vector": [38.9863, 0, 0]
						},
						"1.0": {
							"vector": [36.43145, 0, 0]
						},
						"1.2": {
							"vector": [21.55361, 0, 0]
						},
						"1.35": {
							"vector": [19.0137, 0, 0]
						},
						"1.5": {
							"vector": [22, 0, 0]
						},
						"1.7": {
							"vector": [35.77146, 0, 0]
						},
						"1.85": {
							"vector": [38.9863, 0, 0]
						},
						"2.0": {
							"vector": [36.38671, 0, 0]
						},
						"2.2": {
							"vector": [22.30869, 0, 0]
						},
						"2.35": {
							"vector": [19.0137, 0, 0]
						},
						"2.5": {
							"vector": [22.7068, 0, 0]
						},
						"2.7": {
							"vector": [35.69131, 0, 0]
						},
						"2.85": {
							"vector": [38.9863, 0, 0]
						},
						"3.0": {
							"vector": [36.43145, 0, 0]
						},
						"3.2": {
							"vector": [21.55361, 0, 0]
						},
						"3.35": {
							"vector": [19.0137, 0, 0]
						},
						"3.5": {
							"vector": [22, 0, 0]
						},
						"3.7": {
							"vector": [36.77146, 0, 0]
						},
						"3.85": {
							"vector": [38.9863, 0, 0]
						},
						"4.0": {
							"vector": [34, 0, 0]
						}
					}
				},
				"body2": {
					"rotation": {
						"0.0": {
							"vector": [-5, 0, 0]
						},
						"0.35": {
							"vector": [9.94522, 0, 0]
						},
						"0.85": {
							"vector": [-9.94522, 0, 0]
						},
						"1.35": {
							"vector": [9.94522, 0, 0]
						},
						"1.85": {
							"vector": [-9.94522, 0, 0]
						},
						"2.3": {
							"vector": [9.78148, 0, 0]
						},
						"2.85": {
							"vector": [-9.94522, 0, 0]
						},
						"3.35": {
							"vector": [9.94522, 0, 0]
						},
						"3.85": {
							"vector": [-9.94522, 0, 0]
						},
						"4.0": {
							"vector": [-5, 0, 0]
						}
					}
				},
				"body3": {
					"rotation": {
						"0.0": {
							"vector": [-8.66025, 0, 0]
						},
						"0.6": {
							"vector": [9.94522, 0, 0]
						},
						"1.1": {
							"vector": [-9.94522, 0, 0]
						},
						"1.6": {
							"vector": [9.94522, 0, 0]
						},
						"2.1": {
							"vector": [-9.94522, 0, 0]
						},
						"2.6": {
							"vector": [9.94522, 0, 0]
						},
						"3.1": {
							"vector": [-9.94522, 0, 0]
						},
						"3.6": {
							"vector": [9.94522, 0, 0]
						},
						"4.0": {
							"vector": [-8.66025, 0, 0]
						}
					}
				},
				"body4": {
					"rotation": {
						"0.0": {
							"vector": [0, 0, 0]
						},
						"0.25": {
							"vector": [-15, 0, 0]
						},
						"0.75": {
							"vector": [15, 0, 0]
						},
						"1.25": {
							"vector": [-15, 0, 0]
						},
						"1.75": {
							"vector": [15, 0, 0]
						},
						"2.25": {
							"vector": [-15, 0, 0]
						},
						"2.75": {
							"vector": [15, 0, 0]
						},
						"3.25": {
							"vector": [-15, 0, 0]
						},
						"3.75": {
							"vector": [15, 0, 0]
						},
						"4.0": {
							"vector": [0, 0, 0]
						}
					}
				},
				"body5": {
					"rotation": {
						"0.0": {
							"vector": [12.99038, 0, 0]
						},
						"0.4": {
							"vector": [-14.91783, 0, 0]
						},
						"0.9": {
							"vector": [14.91783, 0, 0]
						},
						"1.4": {
							"vector": [-14.91783, 0, 0]
						},
						"1.9": {
							"vector": [14.91783, 0, 0]
						},
						"2.4": {
							"vector": [-14.91783, 0, 0]
						},
						"2.9": {
							"vector": [14.91783, 0, 0]
						},
						"3.4": {
							"vector": [-14.91783, 0, 0]
						},
						"3.9": {
							"vector": [14.91783, 0, 0]
						},
						"4.0": {
							"vector": [12.99038, 0, 0]
						}
					}
				},
				"back_legs": {
					"rotation": {
						"0.0": {
							"vector": [51.33975, 0, 0]
						},
						"0.3": {
							"vector": [66.2932, 0, 0]
						},
						"0.45": {
							"vector": [69.9863, 0, 0]
						},
						"0.6": {
							"vector": [65.44639, 0, 0]
						},
						"0.8": {
							"vector": [52.56855, 0, 0]
						},
						"0.95": {
							"vector": [50.21852, 0, 0]
						},
						"1.1": {
							"vector": [54.55361, 0, 0]
						},
						"1.3": {
							"vector": [67.43145, 0, 0]
						},
						"1.45": {
							"vector": [69.9863, 0, 0]
						},
						"1.6": {
							"vector": [65.44639, 0, 0]
						},
						"1.8": {
							"vector": [52.56855, 0, 0]
						},
						"1.95": {
							"vector": [50.0137, 0, 0]
						},
						"2.05": {
							"vector": [52.33975, 0, 0]
						},
						"2.3": {
							"vector": [66.2932, 0, 0]
						},
						"2.45": {
							"vector": [69.9863, 0, 0]
						},
						"2.6": {
							"vector": [65.44639, 0, 0]
						},
						"2.8": {
							"vector": [52.56855, 0, 0]
						},
						"2.95": {
							"vector": [50.21852, 0, 0]
						},
						"3.1": {
							"vector": [53.55361, 0, 0]
						},
						"3.3": {
							"vector": [67.43145, 0, 0]
						},
						"3.45": {
							"vector": [69.9863, 0, 0]
						},
						"3.6": {
							"vector": [65.44639, 0, 0]
						},
						"3.8": {
							"vector": [52.56855, 0, 0]
						},
						"4.0": {
							"vector": [51.33975, 0, 0]
						}
					}
				},
				"right_mustache1": {
					"rotation": {
						"0.0": {
							"vector": [0, 0, 0]
						},
						"0.15": {
							"vector": [0, 0, 1.61803]
						},
						"0.3": {
							"vector": [0, 0, 1.97538]
						},
						"0.4": {
							"vector": [0, 0, 1.47557]
						},
						"0.6": {
							"vector": [0, 0, -1.51421]
						},
						"0.75": {
							"vector": [0, 0, -2]
						},
						"0.9": {
							"vector": [0, 0, -1.51803]
						},
						"1.1": {
							"vector": [0, 0, 1.41421]
						},
						"1.25": {
							"vector": [0, 0, 2]
						},
						"1.45": {
							"vector": [0, 0, 1.20798]
						},
						"1.6": {
							"vector": [0, 0, -1.61803]
						},
						"1.75": {
							"vector": [0, 0, -2]
						},
						"1.9": {
							"vector": [0, 0, -1.61421]
						},
						"2.1": {
							"vector": [0, 0, 1.31803]
						},
						"2.25": {
							"vector": [0, 0, 1.97538]
						},
						"2.4": {
							"vector": [0, 0, 1.47557]
						},
						"2.6": {
							"vector": [0, 0, -1.51421]
						},
						"2.75": {
							"vector": [0, 0, -2]
						},
						"2.85": {
							"vector": [0, 0, -1.41803]
						},
						"3.1": {
							"vector": [0, 0, 1.41421]
						},
						"3.25": {
							"vector": [0, 0, 2]
						},
						"3.45": {
							"vector": [0, 0, 1.20798]
						},
						"3.6": {
							"vector": [0, 0, -1.51803]
						},
						"3.75": {
							"vector": [0, 0, -2]
						},
						"3.9": {
							"vector": [0, 0, -1.61421]
						},
						"4.0": {
							"vector": [0, 0, 0]
						}
					}
				},
				"right_mustache2": {
					"rotation": {
						"0.0": {
							"vector": [0, 0, 1.73205]
						},
						"0.25": {
							"vector": [0, 0, -1.25864]
						},
						"0.45": {
							"vector": [0, 0, -1.99726]
						},
						"0.65": {
							"vector": [0, 0, -1.55429]
						},
						"0.8": {
							"vector": [0, 0, 1.25864]
						},
						"0.95": {
							"vector": [0, 0, 1.99726]
						},
						"1.1": {
							"vector": [0, 0, 1.08928]
						},
						"1.3": {
							"vector": [0, 0, -1.48629]
						},
						"1.45": {
							"vector": [0, 0, -1.99726]
						},
						"1.65": {
							"vector": [0, 0, -1.33826]
						},
						"1.8": {
							"vector": [0, 0, 1.25864]
						},
						"1.9": {
							"vector": [0, 0, 1.98904]
						},
						"2.1": {
							"vector": [0, 0, 1.73205]
						},
						"2.3": {
							"vector": [0, 0, -1.25864]
						},
						"2.45": {
							"vector": [0, 0, -1.99726]
						},
						"2.65": {
							"vector": [0, 0, -1.55429]
						},
						"2.8": {
							"vector": [0, 0, 1.25864]
						},
						"2.95": {
							"vector": [0, 0, 1.99726]
						},
						"3.1": {
							"vector": [0, 0, 1.08928]
						},
						"3.3": {
							"vector": [0, 0, -1.48629]
						},
						"3.45": {
							"vector": [0, 0, -1.99726]
						},
						"3.6": {
							"vector": [0, 0, -1.33826]
						},
						"3.75": {
							"vector": [0, 0, 1.25864]
						},
						"3.9": {
							"vector": [0, 0, 1.98904]
						},
						"4.0": {
							"vector": [0, 0, 1.73205]
						}
					}
				},
				"right_mustache3": {
					"rotation": {
						"0.0": {
							"vector": [0, 0, -21]
						},
						"0.15": {
							"vector": [0, 0, -13.92893]
						},
						"0.25": {
							"vector": [0, 0, -11]
						},
						"0.4": {
							"vector": [0, 0, -13.92893]
						},
						"0.6": {
							"vector": [0, 0, -27.87785]
						},
						"0.75": {
							"vector": [0, 0, -31]
						},
						"0.9": {
							"vector": [0, 0, -28.07107]
						},
						"1.1": {
							"vector": [0, 0, -13.92893]
						},
						"1.25": {
							"vector": [0, 0, -11]
						},
						"1.4": {
							"vector": [0, 0, -15.12215]
						},
						"1.6": {
							"vector": [0, 0, -28.09017]
						},
						"1.75": {
							"vector": [0, 0, -31]
						},
						"1.9": {
							"vector": [0, 0, -28.07107]
						},
						"2.1": {
							"vector": [0, 0, -13.92893]
						},
						"2.25": {
							"vector": [0, 0, -11]
						},
						"2.4": {
							"vector": [0, 0, -13.92893]
						},
						"2.55": {
							"vector": [0, 0, -26.87785]
						},
						"2.75": {
							"vector": [0, 0, -31]
						},
						"2.9": {
							"vector": [0, 0, -28.07107]
						},
						"3.1": {
							"vector": [0, 0, -13.92893]
						},
						"3.25": {
							"vector": [0, 0, -11]
						},
						"3.4": {
							"vector": [0, 0, -15.12215]
						},
						"3.6": {
							"vector": [0, 0, -29.09017]
						},
						"3.75": {
							"vector": [0, 0, -31]
						},
						"3.9": {
							"vector": [0, 0, -28.07107]
						},
						"4.0": {
							"vector": [0, 0, -21]
						}
					}
				},
				"mouth": {
					"rotation": {
						"0.0": {
							"vector": [3.26795, 0, 0]
						},
						"0.1": {
							"vector": [4.18653, 0, 0]
						},
						"0.3": {
							"vector": [6.48629, 0, 0]
						},
						"0.55": {
							"vector": [6.33826, 0, 0]
						},
						"0.8": {
							"vector": [2.91371, 0, 0]
						},
						"1.0": {
							"vector": [2.91072, 0, 0]
						},
						"1.3": {
							"vector": [6.25864, 0, 0]
						},
						"1.6": {
							"vector": [5.81347, 0, 0]
						},
						"1.85": {
							"vector": [2.92266, 0, 0]
						},
						"2.0": {
							"vector": [2.86795, 0, 0]
						},
						"2.1": {
							"vector": [4.18653, 0, 0]
						},
						"2.3": {
							"vector": [6.48629, 0, 0]
						},
						"2.55": {
							"vector": [6.33826, 0, 0]
						},
						"2.8": {
							"vector": [3.21371, 0, 0]
						},
						"2.95": {
							"vector": [2.70274, 0, 0]
						},
						"3.1": {
							"vector": [3.61072, 0, 0]
						},
						"3.3": {
							"vector": [6.25864, 0, 0]
						},
						"3.6": {
							"vector": [6.41347, 0, 0]
						},
						"3.85": {
							"vector": [3.32266, 0, 0]
						},
						"4.0": {
							"vector": [3.26795, 0, 0]
						}
					}
				},
				"left_mustache1": {
					"rotation": {
						"0.0": {
							"vector": [0, 0, 0]
						},
						"0.15": {
							"vector": [0, 0, -1.618]
						},
						"0.4": {
							"vector": [0, 0, -1.618]
						},
						"0.65": {
							"vector": [0, 0, 1.4]
						},
						"0.9": {
							"vector": [0, 0, 1.4]
						},
						"1.15": {
							"vector": [0, 0, -1.618]
						},
						"1.45": {
							"vector": [0, 0, -1.618]
						},
						"1.65": {
							"vector": [0, 0, 1.4]
						},
						"1.95": {
							"vector": [0, 0, 1.4]
						},
						"2.0": {
							"vector": [0, 0, 0]
						},
						"2.15": {
							"vector": [0, 0, -1.618]
						},
						"2.4": {
							"vector": [0, 0, -1.618]
						},
						"2.65": {
							"vector": [0, 0, 1.4]
						},
						"2.9": {
							"vector": [0, 0, 1.4]
						},
						"3.15": {
							"vector": [0, 0, -1.618]
						},
						"3.45": {
							"vector": [0, 0, -1.618]
						},
						"3.65": {
							"vector": [0, 0, 1.4]
						},
						"3.95": {
							"vector": [0, 0, 1.4]
						},
						"4.0": {
							"vector": [0, 0, 0]
						}
					}
				},
				"left_mustache2": {
					"rotation": {
						"0.0": {
							"vector": [0, 0, -1.73205]
						},
						"0.1": {
							"vector": [0, 0, -1.5]
						},
						"0.3": {
							"vector": [0, 0, 1.5]
						},
						"0.55": {
							"vector": [0, 0, 1.5]
						},
						"0.8": {
							"vector": [0, 0, -1.5]
						},
						"1.05": {
							"vector": [0, 0, -1.5]
						},
						"1.25": {
							"vector": [0, 0, 1.5]
						},
						"1.55": {
							"vector": [0, 0, 1.5]
						},
						"1.8": {
							"vector": [0, 0, -1.5]
						},
						"2.1": {
							"vector": [0, 0, -1.5]
						},
						"2.3": {
							"vector": [0, 0, 1.5]
						},
						"2.55": {
							"vector": [0, 0, 1.5]
						},
						"2.8": {
							"vector": [0, 0, -1.5]
						},
						"3.05": {
							"vector": [0, 0, -1.5]
						},
						"3.25": {
							"vector": [0, 0, 1.5]
						},
						"3.55": {
							"vector": [0, 0, 1.5]
						},
						"3.8": {
							"vector": [0, 0, -1.5]
						},
						"4.0": {
							"vector": [0, 0, -1.73205]
						}
					}
				},
				"left_mustache3": {
					"rotation": {
						"0.0": {
							"vector": [0, 0, 21]
						},
						"0.15": {
							"vector": [0, 0, 12]
						},
						"0.35": {
							"vector": [0, 0, 12]
						},
						"0.6": {
							"vector": [0, 0, 30]
						},
						"0.9": {
							"vector": [0, 0, 30]
						},
						"1.15": {
							"vector": [0, 0, 12]
						},
						"1.4": {
							"vector": [0, 0, 12]
						},
						"1.65": {
							"vector": [0, 0, 30]
						},
						"1.85": {
							"vector": [0, 0, 30]
						},
						"2.0": {
							"vector": [0, 0, 21]
						},
						"2.15": {
							"vector": [0, 0, 12]
						},
						"2.35": {
							"vector": [0, 0, 12]
						},
						"2.6": {
							"vector": [0, 0, 30]
						},
						"2.9": {
							"vector": [0, 0, 30]
						},
						"3.15": {
							"vector": [0, 0, 12]
						},
						"3.4": {
							"vector": [0, 0, 12]
						},
						"3.65": {
							"vector": [0, 0, 30]
						},
						"3.85": {
							"vector": [0, 0, 30]
						},
						"4.0": {
							"vector": [0, 0, 21]
						}
					}
				}
			}
		},
		"swim": {
			"loop": true,
			"animation_length": 4,
			"bones": {
				"root": {
					"position": {
						"0.0": {
							"vector": [0, 0, 0]
						},
						"0.65": {
							"vector": [0, 0.1, 0.4]
						},
						"1.15": {
							"vector": [0, 0, -0.2]
						},
						"2.0": {
							"vector": [0, -0.6, 0.2]
						},
						"2.5": {
							"vector": [0, -0.7, -0.2]
						},
						"3.0": {
							"vector": [0, -0.6, 0.2]
						},
						"3.45": {
							"vector": [0, -0.33, -0.09]
						},
						"4.0": {
							"vector": [0, 0, 0]
						}
					}
				},
				"head": {
					"rotation": {
						"0.0": {
							"vector": [1, 0, 0]
						},
						"0.15": {
							"vector": [-1.9563, 0, 0]
						},
						"0.4": {
							"vector": [1.9563, 0, 0]
						},
						"0.65": {
							"vector": [-1.9563, 0, 0]
						},
						"0.9": {
							"vector": [1.9563, 0, 0]
						},
						"1.15": {
							"vector": [-1.9563, 0, 0]
						},
						"1.4": {
							"vector": [1.9563, 0, 0]
						},
						"1.65": {
							"vector": [-1.9563, 0, 0]
						},
						"1.9": {
							"vector": [1.9563, 0, 0]
						},
						"2.15": {
							"vector": [-1.9563, 0, 0]
						},
						"2.4": {
							"vector": [1.9563, 0, 0]
						},
						"2.65": {
							"vector": [-1.9563, 0, 0]
						},
						"2.9": {
							"vector": [1.9563, 0, 0]
						},
						"3.15": {
							"vector": [-1.9563, 0, 0]
						},
						"3.4": {
							"vector": [1.9563, 0, 0]
						},
						"3.65": {
							"vector": [-1.9563, 0, 0]
						},
						"3.9": {
							"vector": [1.9563, 0, 0]
						},
						"4.0": {
							"vector": [1, 0, 0]
						}
					}
				},
				"mustache_X": {
					"rotation": {
						"0.0": {
							"vector": [-1.73205, 0, 0]
						},
						"0.3": {
							"vector": [1.98904, 0, 0]
						},
						"0.55": {
							"vector": [-1.98904, 0, 0]
						},
						"0.8": {
							"vector": [1.98904, 0, 0]
						},
						"1.05": {
							"vector": [-1.98904, 0, 0]
						},
						"1.3": {
							"vector": [1.98904, 0, 0]
						},
						"1.55": {
							"vector": [-1.98904, 0, 0]
						},
						"1.8": {
							"vector": [1.98904, 0, 0]
						},
						"2.05": {
							"vector": [-1.98904, 0, 0]
						},
						"2.3": {
							"vector": [1.98904, 0, 0]
						},
						"2.55": {
							"vector": [-1.98904, 0, 0]
						},
						"2.8": {
							"vector": [1.98904, 0, 0]
						},
						"3.05": {
							"vector": [-1.98904, 0, 0]
						},
						"3.3": {
							"vector": [1.98904, 0, 0]
						},
						"3.55": {
							"vector": [-1.98904, 0, 0]
						},
						"3.8": {
							"vector": [1.98904, 0, 0]
						},
						"4.0": {
							"vector": [-1.73205, 0, 0]
						}
					}
				},
				"body1": {
					"rotation": {
						"0.0": {
							"vector": [4.33013, 0, 0]
						},
						"0.3": {
							"vector": [-4.97261, 0, 0]
						},
						"0.55": {
							"vector": [4.97261, 0, 0]
						},
						"0.8": {
							"vector": [-4.97261, 0, 0]
						},
						"1.05": {
							"vector": [4.97261, 0, 0]
						},
						"1.3": {
							"vector": [-4.97261, 0, 0]
						},
						"1.55": {
							"vector": [4.97261, 0, 0]
						},
						"1.8": {
							"vector": [-4.97261, 0, 0]
						},
						"2.05": {
							"vector": [4.97261, 0, 0]
						},
						"2.3": {
							"vector": [-4.97261, 0, 0]
						},
						"2.55": {
							"vector": [4.97261, 0, 0]
						},
						"2.8": {
							"vector": [-4.97261, 0, 0]
						},
						"3.05": {
							"vector": [4.97261, 0, 0]
						},
						"3.3": {
							"vector": [-4.97261, 0, 0]
						},
						"3.55": {
							"vector": [4.97261, 0, 0]
						},
						"3.8": {
							"vector": [-4.97261, 0, 0]
						},
						"4.0": {
							"vector": [4.33013, 0, 0]
						}
					}
				},
				"tail1": {
					"rotation": {
						"0.0": {
							"vector": [7.5, 0, 0]
						},
						"0.1": {
							"vector": [14.67221, 0, 0]
						},
						"0.35": {
							"vector": [-14.67221, 0, 0]
						},
						"0.6": {
							"vector": [14.67221, 0, 0]
						},
						"0.85": {
							"vector": [-14.67221, 0, 0]
						},
						"1.1": {
							"vector": [14.67221, 0, 0]
						},
						"1.35": {
							"vector": [-14.67221, 0, 0]
						},
						"1.6": {
							"vector": [14.67221, 0, 0]
						},
						"1.85": {
							"vector": [-14.67221, 0, 0]
						},
						"2.1": {
							"vector": [14.67221, 0, 0]
						},
						"2.35": {
							"vector": [-14.67221, 0, 0]
						},
						"2.6": {
							"vector": [14.67221, 0, 0]
						},
						"2.85": {
							"vector": [-14.67221, 0, 0]
						},
						"3.1": {
							"vector": [14.67221, 0, 0]
						},
						"3.35": {
							"vector": [-14.67221, 0, 0]
						},
						"3.6": {
							"vector": [14.67221, 0, 0]
						},
						"3.85": {
							"vector": [-14.67221, 0, 0]
						},
						"4.0": {
							"vector": [2.5, 0, 0]
						}
					}
				},
				"front_legs": {
					"rotation": {
						"0.0": {
							"vector": [55, 0, 0]
						},
						"0.2": {
							"vector": [40.86455, 0, 0]
						},
						"0.45": {
							"vector": [59.13545, 0, 0]
						},
						"0.7": {
							"vector": [40.86455, 0, 0]
						},
						"0.95": {
							"vector": [59.13545, 0, 0]
						},
						"1.2": {
							"vector": [40.86455, 0, 0]
						},
						"1.45": {
							"vector": [59.13545, 0, 0]
						},
						"1.7": {
							"vector": [40.86455, 0, 0]
						},
						"1.95": {
							"vector": [59.13545, 0, 0]
						},
						"2.2": {
							"vector": [40.86455, 0, 0]
						},
						"2.45": {
							"vector": [59.13545, 0, 0]
						},
						"2.7": {
							"vector": [40.86455, 0, 0]
						},
						"2.95": {
							"vector": [59.13545, 0, 0]
						},
						"3.15": {
							"vector": [40.21852, 0, 0]
						},
						"3.4": {
							"vector": [59.78148, 0, 0]
						},
						"3.65": {
							"vector": [40.21852, 0, 0]
						},
						"4.0": {
							"vector": [55, 0, 0]
						}
					}
				},
				"body2": {
					"rotation": {
						"0.0": {
							"vector": [-5, 0, 0]
						},
						"0.15": {
							"vector": [9.78148, 0, 0]
						},
						"0.4": {
							"vector": [-9.78148, 0, 0]
						},
						"0.65": {
							"vector": [9.78148, 0, 0]
						},
						"0.9": {
							"vector": [-9.78148, 0, 0]
						},
						"1.15": {
							"vector": [9.78148, 0, 0]
						},
						"1.4": {
							"vector": [-9.78148, 0, 0]
						},
						"1.65": {
							"vector": [9.78148, 0, 0]
						},
						"1.9": {
							"vector": [-9.78148, 0, 0]
						},
						"2.15": {
							"vector": [9.78148, 0, 0]
						},
						"2.4": {
							"vector": [-9.78148, 0, 0]
						},
						"2.65": {
							"vector": [9.78148, 0, 0]
						},
						"2.9": {
							"vector": [-9.78148, 0, 0]
						},
						"3.15": {
							"vector": [9.78148, 0, 0]
						},
						"3.4": {
							"vector": [-9.78148, 0, 0]
						},
						"3.65": {
							"vector": [9.78148, 0, 0]
						},
						"3.9": {
							"vector": [-9.78148, 0, 0]
						},
						"4.0": {
							"vector": [-5, 0, 0]
						}
					}
				},
				"body3": {
					"rotation": {
						"0.0": {
							"vector": [-8.66025, 0, 0]
						},
						"0.3": {
							"vector": [9.94522, 0, 0]
						},
						"0.55": {
							"vector": [-9.94522, 0, 0]
						},
						"0.8": {
							"vector": [9.94522, 0, 0]
						},
						"1.05": {
							"vector": [-9.94522, 0, 0]
						},
						"1.3": {
							"vector": [9.94522, 0, 0]
						},
						"1.55": {
							"vector": [-9.94522, 0, 0]
						},
						"1.8": {
							"vector": [9.94522, 0, 0]
						},
						"2.05": {
							"vector": [-9.94522, 0, 0]
						},
						"2.3": {
							"vector": [9.94522, 0, 0]
						},
						"2.55": {
							"vector": [-9.94522, 0, 0]
						},
						"2.8": {
							"vector": [9.94522, 0, 0]
						},
						"3.05": {
							"vector": [-9.94522, 0, 0]
						},
						"3.3": {
							"vector": [9.94522, 0, 0]
						},
						"3.55": {
							"vector": [-9.94522, 0, 0]
						},
						"3.8": {
							"vector": [9.94522, 0, 0]
						},
						"4.0": {
							"vector": [-8.66025, 0, 0]
						}
					}
				},
				"body4": {
					"rotation": {
						"0.0": {
							"vector": [0, 0, 0]
						},
						"0.1": {
							"vector": [-14.26585, 0, 0]
						},
						"0.35": {
							"vector": [14.26585, 0, 0]
						},
						"0.6": {
							"vector": [-14.26585, 0, 0]
						},
						"0.85": {
							"vector": [14.26585, 0, 0]
						},
						"1.1": {
							"vector": [-14.26585, 0, 0]
						},
						"1.35": {
							"vector": [14.26585, 0, 0]
						},
						"1.6": {
							"vector": [-14.26585, 0, 0]
						},
						"1.85": {
							"vector": [14.26585, 0, 0]
						},
						"2.1": {
							"vector": [-14.26585, 0, 0]
						},
						"2.35": {
							"vector": [14.26585, 0, 0]
						},
						"2.6": {
							"vector": [-14.26585, 0, 0]
						},
						"2.85": {
							"vector": [14.26585, 0, 0]
						},
						"3.1": {
							"vector": [-14.26585, 0, 0]
						},
						"3.35": {
							"vector": [14.26585, 0, 0]
						},
						"3.6": {
							"vector": [-14.26585, 0, 0]
						},
						"3.85": {
							"vector": [15.06585, 0, 0]
						},
						"4.0": {
							"vector": [0, 0, 0]
						}
					}
				},
				"body5": {
					"rotation": {
						"0.0": {
							"vector": [12.99038, 0, 0]
						},
						"0.2": {
							"vector": [-14.91783, 0, 0]
						},
						"0.45": {
							"vector": [14.91783, 0, 0]
						},
						"0.7": {
							"vector": [-14.91783, 0, 0]
						},
						"0.95": {
							"vector": [14.91783, 0, 0]
						},
						"1.2": {
							"vector": [-14.91783, 0, 0]
						},
						"1.45": {
							"vector": [14.91783, 0, 0]
						},
						"1.7": {
							"vector": [-14.91783, 0, 0]
						},
						"1.95": {
							"vector": [14.91783, 0, 0]
						},
						"2.2": {
							"vector": [-14.91783, 0, 0]
						},
						"2.45": {
							"vector": [14.91783, 0, 0]
						},
						"2.7": {
							"vector": [-14.91783, 0, 0]
						},
						"2.95": {
							"vector": [14.91783, 0, 0]
						},
						"3.2": {
							"vector": [-14.91783, 0, 0]
						},
						"3.45": {
							"vector": [14.91783, 0, 0]
						},
						"3.7": {
							"vector": [-14.91783, 0, 0]
						},
						"3.95": {
							"vector": [13.61783, 0, 0]
						},
						"4.0": {
							"vector": [12.99038, 0, 0]
						}
					}
				},
				"back_legs": {
					"rotation": {
						"0.0": {
							"vector": [61.33975, 0, 0]
						},
						"0.2": {
							"vector": [79.94522, 0, 0]
						},
						"0.45": {
							"vector": [60.05478, 0, 0]
						},
						"0.7": {
							"vector": [79.94522, 0, 0]
						},
						"0.95": {
							"vector": [60.05478, 0, 0]
						},
						"1.2": {
							"vector": [79.94522, 0, 0]
						},
						"1.45": {
							"vector": [60.05478, 0, 0]
						},
						"1.7": {
							"vector": [79.94522, 0, 0]
						},
						"1.95": {
							"vector": [60.05478, 0, 0]
						},
						"2.2": {
							"vector": [79.94522, 0, 0]
						},
						"2.45": {
							"vector": [60.05478, 0, 0]
						},
						"2.7": {
							"vector": [79.94522, 0, 0]
						},
						"2.95": {
							"vector": [60.05478, 0, 0]
						},
						"3.2": {
							"vector": [79.94522, 0, 0]
						},
						"3.45": {
							"vector": [60.05478, 0, 0]
						},
						"3.7": {
							"vector": [79.94522, 0, 0]
						},
						"4.0": {
							"vector": [61.33975, 0, 0]
						}
					}
				},
				"right_mustache1": {
					"rotation": {
						"0.0": {
							"vector": [0, 0, -7.5]
						},
						"0.15": {
							"vector": [0, 0, -5.59789]
						},
						"0.4": {
							"vector": [0, 0, -9.40211]
						},
						"0.65": {
							"vector": [0, 0, -5.59789]
						},
						"0.9": {
							"vector": [0, 0, -9.40211]
						},
						"1.15": {
							"vector": [0, 0, -5.59789]
						},
						"1.4": {
							"vector": [0, 0, -9.40211]
						},
						"1.65": {
							"vector": [0, 0, -5.59789]
						},
						"1.9": {
							"vector": [0, 0, -9.40211]
						},
						"2.15": {
							"vector": [0, 0, -5.59789]
						},
						"2.4": {
							"vector": [0, 0, -9.40211]
						},
						"2.65": {
							"vector": [0, 0, -5.59789]
						},
						"2.9": {
							"vector": [0, 0, -9.40211]
						},
						"3.15": {
							"vector": [0, 0, -5.59789]
						},
						"3.4": {
							"vector": [0, 0, -9.40211]
						},
						"3.65": {
							"vector": [0, 0, -5.59789]
						},
						"3.9": {
							"vector": [0, 0, -9.40211]
						},
						"4.0": {
							"vector": [0, 0, -7.5]
						}
					}
				},
				"right_mustache2": {
					"rotation": {
						"0.0": {
							"vector": [0, 0, 9.23205]
						},
						"0.2": {
							"vector": [0, 0, 5.51096]
						},
						"0.45": {
							"vector": [0, 0, 9.48904]
						},
						"0.7": {
							"vector": [0, 0, 5.51096]
						},
						"0.95": {
							"vector": [0, 0, 9.48904]
						},
						"1.2": {
							"vector": [0, 0, 5.51096]
						},
						"1.45": {
							"vector": [0, 0, 9.48904]
						},
						"1.7": {
							"vector": [0, 0, 5.51096]
						},
						"1.95": {
							"vector": [0, 0, 9.48904]
						},
						"2.2": {
							"vector": [0, 0, 5.51096]
						},
						"2.45": {
							"vector": [0, 0, 9.48904]
						},
						"2.7": {
							"vector": [0, 0, 5.51096]
						},
						"2.95": {
							"vector": [0, 0, 9.48904]
						},
						"3.2": {
							"vector": [0, 0, 5.51096]
						},
						"3.45": {
							"vector": [0, 0, 9.48904]
						},
						"3.7": {
							"vector": [0, 0, 5.51096]
						},
						"4.0": {
							"vector": [0, 0, 9.23205]
						}
					}
				},
				"right_mustache3": {
					"rotation": {
						"0.0": {
							"vector": [0, 0, -25]
						},
						"0.1": {
							"vector": [0, 0, -15.48943]
						},
						"0.35": {
							"vector": [0, 0, -34.51057]
						},
						"0.6": {
							"vector": [0, 0, -15.48943]
						},
						"0.85": {
							"vector": [0, 0, -34.51057]
						},
						"1.1": {
							"vector": [0, 0, -15.48943]
						},
						"1.35": {
							"vector": [0, 0, -34.51057]
						},
						"1.6": {
							"vector": [0, 0, -15.48943]
						},
						"1.85": {
							"vector": [0, 0, -34.51057]
						},
						"2.1": {
							"vector": [0, 0, -15.48943]
						},
						"2.35": {
							"vector": [0, 0, -34.51057]
						},
						"2.6": {
							"vector": [0, 0, -15.48943]
						},
						"2.85": {
							"vector": [0, 0, -34.51057]
						},
						"3.1": {
							"vector": [0, 0, -15.48943]
						},
						"3.35": {
							"vector": [0, 0, -34.51057]
						},
						"3.6": {
							"vector": [0, 0, -15.48943]
						},
						"3.85": {
							"vector": [0, 0, -34.51057]
						},
						"4.0": {
							"vector": [0, 0, -25]
						}
					}
				},
				"mouth": {
					"rotation": {
						"0.0": {
							"vector": [3.26795, 0, 0]
						},
						"0.2": {
							"vector": [6.98904, 0, 0]
						},
						"0.45": {
							"vector": [3.01096, 0, 0]
						},
						"0.7": {
							"vector": [6.98904, 0, 0]
						},
						"0.95": {
							"vector": [3.01096, 0, 0]
						},
						"1.2": {
							"vector": [6.98904, 0, 0]
						},
						"1.45": {
							"vector": [3.01096, 0, 0]
						},
						"1.7": {
							"vector": [6.98904, 0, 0]
						},
						"1.95": {
							"vector": [3.01096, 0, 0]
						},
						"2.2": {
							"vector": [6.98904, 0, 0]
						},
						"2.45": {
							"vector": [3.01096, 0, 0]
						},
						"2.7": {
							"vector": [6.98904, 0, 0]
						},
						"2.95": {
							"vector": [3.01096, 0, 0]
						},
						"3.2": {
							"vector": [6.98904, 0, 0]
						},
						"3.45": {
							"vector": [3.01096, 0, 0]
						},
						"3.7": {
							"vector": [6.98904, 0, 0]
						},
						"4.0": {
							"vector": [3.26795, 0, 0]
						}
					}
				},
				"left_mustache1": {
					"rotation": {
						"0.0": {
							"vector": [0, 0, 7.5]
						},
						"0.15": {
							"vector": [0, 0, 5.59789]
						},
						"0.4": {
							"vector": [0, 0, 9.40211]
						},
						"0.65": {
							"vector": [0, 0, 5.59789]
						},
						"0.9": {
							"vector": [0, 0, 9.40211]
						},
						"1.15": {
							"vector": [0, 0, 5.59789]
						},
						"1.4": {
							"vector": [0, 0, 9.40211]
						},
						"1.65": {
							"vector": [0, 0, 5.59789]
						},
						"1.9": {
							"vector": [0, 0, 9.40211]
						},
						"2.15": {
							"vector": [0, 0, 5.59789]
						},
						"2.4": {
							"vector": [0, 0, 9.40211]
						},
						"2.65": {
							"vector": [0, 0, 5.59789]
						},
						"2.9": {
							"vector": [0, 0, 9.40211]
						},
						"3.15": {
							"vector": [0, 0, 5.59789]
						},
						"3.4": {
							"vector": [0, 0, 9.40211]
						},
						"3.65": {
							"vector": [0, 0, 5.59789]
						},
						"3.9": {
							"vector": [0, 0, 9.40211]
						},
						"4.0": {
							"vector": [0, 0, 7.5]
						}
					}
				},
				"left_mustache2": {
					"rotation": {
						"0.0": {
							"vector": [0, 0, -9.23205]
						},
						"0.2": {
							"vector": [0, 0, -5.51096]
						},
						"0.45": {
							"vector": [0, 0, -9.48904]
						},
						"0.7": {
							"vector": [0, 0, -5.51096]
						},
						"0.95": {
							"vector": [0, 0, -9.48904]
						},
						"1.2": {
							"vector": [0, 0, -5.51096]
						},
						"1.45": {
							"vector": [0, 0, -9.48904]
						},
						"1.7": {
							"vector": [0, 0, -5.51096]
						},
						"1.95": {
							"vector": [0, 0, -9.48904]
						},
						"2.2": {
							"vector": [0, 0, -5.51096]
						},
						"2.45": {
							"vector": [0, 0, -9.48904]
						},
						"2.7": {
							"vector": [0, 0, -5.51096]
						},
						"2.95": {
							"vector": [0, 0, -9.48904]
						},
						"3.2": {
							"vector": [0, 0, -5.51096]
						},
						"3.45": {
							"vector": [0, 0, -9.48904]
						},
						"3.7": {
							"vector": [0, 0, -5.51096]
						},
						"4.0": {
							"vector": [0, 0, -9.23205]
						}
					}
				},
				"left_mustache3": {
					"rotation": {
						"0.0": {
							"vector": [0, 0, 25]
						},
						"0.15": {
							"vector": [0, 0, 15.48943]
						},
						"0.4": {
							"vector": [0, 0, 34.51057]
						},
						"0.65": {
							"vector": [0, 0, 15.48943]
						},
						"0.9": {
							"vector": [0, 0, 34.51057]
						},
						"1.15": {
							"vector": [0, 0, 15.48943]
						},
						"1.4": {
							"vector": [0, 0, 34.51057]
						},
						"1.65": {
							"vector": [0, 0, 15.48943]
						},
						"1.9": {
							"vector": [0, 0, 34.51057]
						},
						"2.15": {
							"vector": [0, 0, 15.48943]
						},
						"2.4": {
							"vector": [0, 0, 34.51057]
						},
						"2.65": {
							"vector": [0, 0, 15.48943]
						},
						"2.9": {
							"vector": [0, 0, 34.51057]
						},
						"3.15": {
							"vector": [0, 0, 15.48943]
						},
						"3.4": {
							"vector": [0, 0, 34.51057]
						},
						"3.65": {
							"vector": [0, 0, 15.48943]
						},
						"3.9": {
							"vector": [0, 0, 34.51057]
						},
						"4.0": {
							"vector": [0, 0, 25]
						}
					}
				}
			}
		},
		"skill": {
			"animation_length": 1.65,
			"bones": {
				"root": {
					"position": {
						"0.0": {
							"vector": [0, 0, 0]
						},
						"0.3": {
							"vector": [0, 0, 2]
						},
						"0.45": {
							"vector": [0, 0, -6]
						},
						"0.65": {
							"vector": [0, 0, -5.5]
						},
						"1.0": {
							"vector": [0, 0, -5.3]
						},
						"1.55": {
							"vector": [0, 0, 0]
						}
					}
				},
				"head": {
					"rotation": {
						"0.0": {
							"vector": [0, 0, 0]
						},
						"0.3": {
							"vector": [12.5, 0, 0]
						},
						"0.55": {
							"vector": [0, 0, 0]
						},
						"0.9": {
							"vector": [15, 0, 0]
						},
						"1.25": {
							"vector": [12.5, 0, 0]
						},
						"1.65": {
							"vector": [0, 0, 0]
						}
					}
				},
				"mouth": {
					"rotation": {
						"0.0": {
							"vector": [0, 0, 0]
						},
						"0.3": {
							"vector": [52.5, 0, 0]
						},
						"0.45": {
							"vector": [65, 0, 0]
						},
						"0.55": {
							"vector": [0, 0, 0]
						},
						"0.9": {
							"vector": [5, 0, 0]
						},
						"1.25": {
							"vector": [0, 0, 0]
						},
						"1.65": {
							"vector": [0, 0, 0]
						}
					}
				},
				"body": {
					"rotation": {
						"0.0": {
							"vector": [0, 0, 0]
						},
						"0.3": {
							"vector": [-5, 0, 0]
						},
						"0.55": {
							"vector": [0, 0, 0]
						},
						"1.1": {
							"vector": [-5, 0, 0]
						},
						"1.65": {
							"vector": [0, 0, 0]
						}
					},
					"position": {
						"0.0": {
							"vector": [0, 0, 0]
						},
						"0.3": {
							"vector": [0, 1, 0]
						},
						"0.55": {
							"vector": [0, 0, 0]
						},
						"1.0": {
							"vector": [0, -1, 0]
						},
						"1.65": {
							"vector": [0, 0, 0]
						}
					}
				}
			}
		},
		"fall": {
			"loop": true,
			"animation_length": 1,
			"bones": {
				"head": {
					"rotation": {
						"vector": [2.5, 0, 0]
					}
				},
				"mustache_X": {
					"rotation": {
						"vector": [87.5, 0, 0]
					}
				},
				"left_mustache1": {
					"rotation": {
						"0.0": {
							"vector": [0, 0, 7.5]
						},
						"0.15": {
							"vector": [0, 0, 5.59789]
						},
						"0.4": {
							"vector": [0, 0, 9.40211]
						},
						"0.65": {
							"vector": [0, 0, 5.59789]
						},
						"0.85": {
							"vector": [0, 0, 9.40211]
						},
						"1.0": {
							"vector": [0, 0, 7.5]
						}
					}
				},
				"left_mustache2": {
					"rotation": {
						"0.0": {
							"vector": [0, 0, -9.23205]
						},
						"0.2": {
							"vector": [0, 0, -5.51096]
						},
						"0.45": {
							"vector": [0, 0, -9.48904]
						},
						"0.7": {
							"vector": [0, 0, -5.51096]
						},
						"1.0": {
							"vector": [0, 0, -9.23205]
						}
					}
				},
				"left_mustache3": {
					"rotation": {
						"0.0": {
							"vector": [0, 0, 25]
						},
						"0.15": {
							"vector": [0, 0, 15.48943]
						},
						"0.4": {
							"vector": [0, 0, 34.51057]
						},
						"0.65": {
							"vector": [0, 0, 15.48943]
						},
						"0.9": {
							"vector": [0, 0, 34.51057]
						},
						"1.0": {
							"vector": [0, 0, 25]
						}
					}
				},
				"right_mustache1": {
					"rotation": {
						"0.0": {
							"vector": [0, 0, -7.5]
						},
						"0.15": {
							"vector": [0, 0, -5.59789]
						},
						"0.4": {
							"vector": [0, 0, -9.40211]
						},
						"0.65": {
							"vector": [0, 0, -5.59789]
						},
						"0.9": {
							"vector": [0, 0, -9.40211]
						},
						"1.0": {
							"vector": [0, 0, -7.5]
						}
					}
				},
				"right_mustache2": {
					"rotation": {
						"0.0": {
							"vector": [0, 0, 9.23205]
						},
						"0.2": {
							"vector": [0, 0, 5.51096]
						},
						"0.45": {
							"vector": [0, 0, 9.48904]
						},
						"0.7": {
							"vector": [0, 0, 5.51096]
						},
						"1.0": {
							"vector": [0, 0, 9.23205]
						}
					}
				},
				"right_mustache3": {
					"rotation": {
						"0.0": {
							"vector": [0, 0, -25]
						},
						"0.15": {
							"vector": [0, 0, -15.48943]
						},
						"0.4": {
							"vector": [0, 0, -34.51057]
						},
						"0.6": {
							"vector": [0, 0, -15.48943]
						},
						"0.85": {
							"vector": [0, 0, -34.51057]
						},
						"1.0": {
							"vector": [0, 0, -25]
						}
					}
				},
				"body1": {
					"rotation": {
						"vector": [10, 0, 0]
					}
				},
				"body2": {
					"rotation": {
						"vector": [-12.5, 0, 0]
					}
				},
				"body3": {
					"rotation": {
						"vector": [-12.5, 0, 0]
					}
				},
				"body4": {
					"rotation": {
						"vector": [25, 0, 0]
					}
				},
				"body5": {
					"rotation": {
						"vector": [22.5, 0, 0]
					}
				},
				"tail1": {
					"rotation": {
						"0.0": {
							"vector": [30, 0, 0]
						},
						"0.15": {
							"vector": [30, 4.75528, 0]
						},
						"0.4": {
							"vector": [30, -4.75528, 0]
						},
						"0.65": {
							"vector": [30, 4.75528, 0]
						},
						"0.85": {
							"vector": [30, -4.75528, 0]
						},
						"1.0": {
							"vector": [30, 0, 0]
						}
					}
				},
				"tail2": {
					"rotation": {
						"0.0": {
							"vector": [12.5, 0, 0]
						},
						"0.1": {
							"vector": [10.10926, 1.90211, 0]
						},
						"0.3": {
							"vector": [19.56773, -1.17557, 0]
						},
						"0.6": {
							"vector": [10.10926, 1.90211, 0]
						},
						"0.85": {
							"vector": [19.89074, -1.90211, 0]
						},
						"1.0": {
							"vector": [12.5, 0, 0]
						}
					}
				}
			}
		}
	},
	"geckolib_format_version": 2
}