{
	"format_version": "1.8.0",
	"animations": {
		"idle": {
			"loop": true,
			"animation_length": 5.08,
			"bones": {
				"corps": {
					"rotation": {
						"0.0": {
							"vector": [0, 0, 0]
						},
						"1.64": {
							"vector": [-7.5, 0, 0],
							"easing": "linear"
						},
						"3.76": {
							"vector": [7.5, 0, 0],
							"easing": "linear"
						},
						"5.08": {
							"vector": [0, 0, 0],
							"easing": "linear"
						}
					},
					"position": {
						"0.0": {
							"vector": [0, 0, 0]
						},
						"1.52": {
							"vector": [-1, 1.87, 0]
						},
						"2.44": {
							"vector": [0, 3, 0],
							"easing": "linear"
						},
						"3.64": {
							"vector": [1, 1.59, 0]
						},
						"5.08": {
							"vector": [0, 0, 0],
							"easing": "linear"
						}
					}
				},
				"nageoire_gauche": {
					"rotation": {
						"0.0": {
							"vector": [0, 0, -15]
						},
						"1.4": {
							"vector": [0, 0, 0],
							"easing": "linear"
						},
						"3.52": {
							"vector": [0, 0, -57.5],
							"easing": "linear"
						},
						"5.08": {
							"vector": [0, 0, -15],
							"easing": "linear"
						}
					}
				},
				"nageoire_droite": {
					"rotation": {
						"0.0": {
							"vector": [0, 0, 15]
						},
						"1.4": {
							"vector": [0, 0, 0],
							"easing": "linear"
						},
						"3.52": {
							"vector": [0, 0, 57.5],
							"easing": "linear"
						},
						"5.08": {
							"vector": [0, 0, 15],
							"easing": "linear"
						}
					}
				},
				"nageoire": {
					"rotation": {
						"0.0": {
							"vector": [0, 0, 0]
						},
						"1.8": {
							"vector": [0, 17.5, 0],
							"easing": "linear"
						},
						"3.92": {
							"vector": [0, -17.5, 0],
							"easing": "linear"
						},
						"5.08": {
							"vector": [0, 0, 0],
							"easing": "linear"
						}
					}
				},
				"nageoire2": {
					"rotation": {
						"0.0": {
							"vector": [0, 0, 0]
						},
						"1.64": {
							"vector": [0, 17.5, 0],
							"easing": "linear"
						},
						"3.76": {
							"vector": [0, -17.5, 0],
							"easing": "linear"
						},
						"5.08": {
							"vector": [0, 0, 0],
							"easing": "linear"
						}
					}
				},
				"bubble": {
					"position": {
						"0.32": {
							"vector": [0, 0, 0]
						},
						"0.64": {
							"vector": [0, 0, -6]
						},
						"1.8": {
							"vector": [-4, 16, -1]
						},
						"3.16": {
							"vector": [0, 0, 0]
						},
						"3.48": {
							"vector": [0, 0, -6]
						},
						"4.64": {
							"vector": [-4, 16, -1]
						}
					},
					"scale": {
						"0.32": {
							"vector": [0, 0, 0]
						},
						"0.64": {
							"vector": [1, 1, 1]
						},
						"0.84": {
							"vector": [1, 1, 1]
						},
						"1.8": {
							"vector": [0, 0, 0]
						},
						"3.16": {
							"vector": [0, 0, 0]
						},
						"3.48": {
							"vector": [1, 1, 1]
						},
						"3.68": {
							"vector": [1, 1, 1]
						},
						"4.64": {
							"vector": [0, 0, 0]
						}
					}
				},
				"bubble2": {
					"position": {
						"0.64": {
							"vector": [0, 0, 0]
						},
						"0.96": {
							"vector": [3, 0, -6]
						},
						"2.08": {
							"vector": [0, 16, -1]
						},
						"3.48": {
							"vector": [0, 0, 0]
						},
						"3.8": {
							"vector": [3, 0, -6]
						},
						"4.92": {
							"vector": [0, 16, -1]
						}
					},
					"scale": {
						"0.64": {
							"vector": [0, 0, 0]
						},
						"0.96": {
							"vector": [1, 1, 1]
						},
						"1.16": {
							"vector": [1, 1, 1]
						},
						"2.08": {
							"vector": [0, 0, 0]
						},
						"3.48": {
							"vector": [0, 0, 0]
						},
						"3.8": {
							"vector": [1, 1, 1]
						},
						"4.0": {
							"vector": [1, 1, 1]
						},
						"4.92": {
							"vector": [0, 0, 0]
						}
					}
				}
			}
		},
		"walk": {
			"loop": true,
			"animation_length": 2.76,
			"bones": {
				"corps": {
					"rotation": {
						"0.0": {
							"vector": [0, 0, 0]
						},
						"0.2": {
							"vector": [0, 17.5, -2.5]
						},
						"0.52": {
							"vector": [0, -17.5, 2.5]
						},
						"0.76": {
							"vector": [0, 17.5, -2.5]
						},
						"1.04": {
							"vector": [0, -17.5, 2.5]
						},
						"1.36": {
							"vector": [25, 0, 2.5]
						},
						"1.8": {
							"vector": [-57.5, 0, -2.5]
						},
						"2.08": {
							"vector": [10, 0, 0]
						},
						"2.4": {
							"vector": [65, 0, 0]
						},
						"2.72": {
							"vector": [10, 0, 0]
						},
						"2.76": {
							"vector": [0, 0, 0]
						}
					},
					"position": {
						"0.12": {
							"vector": [0, 0, 0]
						},
						"0.28": {
							"vector": [-1, 0, 0]
						},
						"0.6": {
							"vector": [1, 0, 0]
						},
						"0.84": {
							"vector": [-1, 0, 0]
						},
						"1.16": {
							"vector": [0, 0, 0]
						},
						"1.48": {
							"vector": [0, -2, 0]
						},
						"1.92": {
							"vector": [0, 12, 0]
						},
						"2.2": {
							"vector": [0, 12, 0]
						},
						"2.6": {
							"vector": [0, -2, 0]
						},
						"2.76": {
							"vector": [0, 0, 0]
						}
					}
				},
				"nageoire_gauche": {
					"rotation": {
						"0.0": {
							"vector": [0, 0, 0]
						},
						"0.8": {
							"vector": [0, 0, 0]
						},
						"1.48": {
							"vector": [0, 0, 25],
							"easing": "easeInBack",
							"easingArgs": [10]
						},
						"2.56": {
							"vector": [0, 0, 0],
							"easing": "easeInBack",
							"easingArgs": [5]
						},
						"2.76": {
							"vector": [0, 0, 0],
							"easing": "easeInBack",
							"easingArgs": [5]
						}
					}
				},
				"nageoire_droite": {
					"rotation": {
						"0.0": {
							"vector": [0, 0, 0]
						},
						"0.8": {
							"vector": [0, 0, 0]
						},
						"1.48": {
							"vector": [0, 0, -25],
							"easing": "easeInBack",
							"easingArgs": [10]
						},
						"2.56": {
							"vector": [0, 0, 0],
							"easing": "easeInBack",
							"easingArgs": [5]
						},
						"2.76": {
							"vector": [0, 0, 0],
							"easing": "easeInBack",
							"easingArgs": [5]
						}
					}
				},
				"nageoire": {
					"rotation": {
						"0.0": {
							"vector": [0, 0, 0]
						},
						"0.24": {
							"vector": [0, 17.5, 0]
						},
						"0.56": {
							"vector": [0, -17.5, 0]
						},
						"0.8": {
							"vector": [0, 17.5, 0]
						},
						"1.12": {
							"vector": [0, -17.5, 0]
						},
						"1.44": {
							"vector": [25, 0, 0]
						},
						"1.88": {
							"vector": [-57.5, 0, 0]
						},
						"2.16": {
							"vector": [10, 0, 0]
						},
						"2.48": {
							"vector": [65, 0, 0]
						},
						"2.64": {
							"vector": [10, 0, 0]
						},
						"2.76": {
							"vector": [0, 0, 0]
						}
					}
				},
				"nageoire2": {
					"rotation": {
						"0.12": {
							"vector": [0, 0, 0]
						},
						"0.32": {
							"vector": [0, 17.5, 0]
						},
						"0.6": {
							"vector": [0, -17.5, 0]
						},
						"0.88": {
							"vector": [0, 17.5, 0]
						},
						"1.16": {
							"vector": [0, -17.5, 0]
						},
						"1.52": {
							"vector": [25, 0, 0]
						},
						"1.96": {
							"vector": [-57.5, 0, 0]
						},
						"2.24": {
							"vector": [10, 0, 0]
						},
						"2.56": {
							"vector": [65, 0, 0]
						},
						"2.72": {
							"vector": [10, 0, 0]
						},
						"2.76": {
							"vector": [0, 0, 0]
						}
					}
				},
				"bubble": {
					"position": {
						"0.2": {
							"vector": [0, 0, 0]
						},
						"0.52": {
							"vector": [0, 0, -6]
						},
						"1.68": {
							"vector": [-4, 16, -1]
						}
					},
					"scale": {
						"0.2": {
							"vector": [0, 0, 0]
						},
						"0.52": {
							"vector": [1, 1, 1]
						},
						"0.72": {
							"vector": [1, 1, 1]
						},
						"1.68": {
							"vector": [0, 0, 0]
						}
					}
				},
				"bubble2": {
					"position": {
						"0.52": {
							"vector": [0, 0, 0]
						},
						"0.84": {
							"vector": [3, 0, -6]
						},
						"1.96": {
							"vector": [0, 16, -1]
						}
					},
					"scale": {
						"0.52": {
							"vector": [0, 0, 0]
						},
						"0.84": {
							"vector": [1, 1, 1]
						},
						"1.04": {
							"vector": [1, 1, 1]
						},
						"1.96": {
							"vector": [0, 0, 0]
						}
					}
				},
				"moustache": {
					"rotation": {
						"0.0": {
							"vector": [0, 0, 0]
						},
						"1.28": {
							"vector": [0, 0, 0]
						},
						"1.96": {
							"vector": [0, 0, -25],
							"easing": "easeInBack",
							"easingArgs": [10]
						},
						"2.56": {
							"vector": [0, 0, 0],
							"easing": "easeInBack",
							"easingArgs": [5]
						},
						"2.76": {
							"vector": [0, 0, 0],
							"easing": "easeInBack",
							"easingArgs": [5]
						}
					}
				},
				"moustache2": {
					"rotation": {
						"0.0": {
							"vector": [0, 0, 0]
						},
						"1.28": {
							"vector": [0, 0, 0]
						},
						"1.96": {
							"vector": [0, 0, 25],
							"easing": "easeInBack",
							"easingArgs": [10]
						},
						"2.56": {
							"vector": [0, 0, 0],
							"easing": "easeInBack",
							"easingArgs": [5]
						},
						"2.76": {
							"vector": [0, 0, 0],
							"easing": "easeInBack",
							"easingArgs": [5]
						}
					}
				}
			}
		},
		"skill": {
			"loop": "hold_on_last_frame",
			"animation_length": 3.28,
			"bones": {
				"corps": {
					"rotation": {
						"0.0": {
							"vector": [0, -90, 0]
						},
						"1.6": {
							"vector": [0, -450, 0]
						},
						"2.8": {
							"vector": [0, -717.5, 0]
						},
						"2.84": {
							"vector": [0, 0, 0],
							"easing": "step",
							"easingArgs": [2]
						},
						"3.12": {
							"vector": [0, 0, 12.5]
						},
						"3.28": {
							"vector": [0, 0, 0]
						}
					},
					"position": {
						"0.0": {
							"vector": [0, 0, -6],
							"easing": "linear"
						},
						"0.2": {
							"vector": [4.5, 0, -4.5]
						},
						"0.4": {
							"vector": [6, 0, 0],
							"easing": "linear"
						},
						"0.6": {
							"vector": [4.5, 0, 4.5]
						},
						"0.8": {
							"vector": [0, 0, 6]
						},
						"1.0": {
							"vector": [-4.5, 0, 4.5]
						},
						"1.2": {
							"vector": [-6, 0, 0]
						},
						"1.4": {
							"vector": [-4.5, 0, -4.5]
						},
						"1.6": {
							"vector": [0, 0, -6]
						},
						"1.8": {
							"vector": [4.5, 0, -4.5]
						},
						"2.0": {
							"vector": [6, 0, 0],
							"easing": "linear"
						},
						"2.2": {
							"vector": [4.5, 0, 4.5]
						},
						"2.4": {
							"vector": [0, 0, 6]
						},
						"2.6": {
							"vector": [-4.5, 0, 4.5]
						},
						"2.8": {
							"vector": [-6, 0, 0]
						},
						"2.84": {
							"vector": [-6, 0, 0]
						},
						"3.28": {
							"vector": [0, 0, 0],
							"easing": "easeOutBack"
						}
					}
				},
				"moustache": {
					"rotation": {
						"2.84": {
							"vector": [0, 0, 0]
						},
						"3.12": {
							"vector": [0, 0, 32.5]
						},
						"3.28": {
							"vector": [0, 0, 0]
						}
					}
				},
				"nageoire_gauche": {
					"rotation": {
						"0.0": {
							"vector": [0, 0, 0]
						},
						"0.6": {
							"vector": [0, 0, -60]
						},
						"1.12": {
							"vector": [0, 0, 36.6]
						},
						"1.6": {
							"vector": [0, 0, 0]
						},
						"2.2": {
							"vector": [0, 0, -60]
						},
						"2.84": {
							"vector": [0, 0, 0]
						},
						"3.0": {
							"vector": [0, 0, 36.6]
						},
						"3.28": {
							"vector": [0, 0, 0]
						}
					}
				},
				"nageoire_droite": {
					"rotation": {
						"0.0": {
							"vector": [0, 0, 0]
						},
						"0.6": {
							"vector": [0, 0, 60]
						},
						"1.12": {
							"vector": [0, 0, -36.6]
						},
						"1.6": {
							"vector": [0, 0, 0]
						},
						"2.2": {
							"vector": [0, 0, 60]
						},
						"2.84": {
							"vector": [0, 0, 0]
						},
						"3.0": {
							"vector": [0, 0, -36.6]
						},
						"3.28": {
							"vector": [0, 0, 0]
						}
					}
				},
				"nageoire": {
					"rotation": {
						"0.0": {
							"vector": [0, 0, 0]
						},
						"0.8": {
							"vector": [0, 35, 0]
						},
						"1.6": {
							"vector": [0, 0, 0]
						},
						"2.4": {
							"vector": [0, 35, 0]
						},
						"2.84": {
							"vector": [0, 22.5, 0]
						},
						"3.0": {
							"vector": [0, -42.5, 0]
						},
						"3.28": {
							"vector": [0, 0, 0]
						}
					}
				},
				"nageoire2": {
					"rotation": {
						"0.0": {
							"vector": [0, 0, 0]
						},
						"0.8": {
							"vector": [0, 35, 0]
						},
						"1.6": {
							"vector": [0, 0, 0]
						},
						"2.4": {
							"vector": [0, 35, 0]
						},
						"2.84": {
							"vector": [0, 22.5, 0]
						},
						"3.0": {
							"vector": [0, -42.5, 0]
						},
						"3.28": {
							"vector": [0, 0, 0]
						}
					}
				},
				"bubble": {
					"position": {
						"1.24": {
							"vector": [-6, 0, 0]
						},
						"1.56": {
							"vector": [-6, 0, -6]
						},
						"2.72": {
							"vector": [-10, 16, -1]
						}
					},
					"scale": {
						"1.24": {
							"vector": [0, 0, 0]
						},
						"1.56": {
							"vector": [1, 1, 1]
						},
						"1.76": {
							"vector": [1, 1, 1]
						},
						"2.72": {
							"vector": [0, 0, 0]
						}
					}
				},
				"bubble2": {
					"position": {
						"0.0": {
							"vector": [6, 0, 0]
						},
						"0.32": {
							"vector": [9, 0, -6]
						},
						"1.44": {
							"vector": [6, 16, -1]
						},
						"1.56": {
							"vector": [0, 0, 0]
						},
						"1.88": {
							"vector": [3, 0, -6]
						},
						"3.0": {
							"vector": [0, 16, -1]
						}
					},
					"scale": {
						"0.0": {
							"vector": [0, 0, 0]
						},
						"0.32": {
							"vector": [1, 1, 1]
						},
						"0.52": {
							"vector": [1, 1, 1]
						},
						"1.44": {
							"vector": [0, 0, 0]
						},
						"1.56": {
							"vector": [0, 0, 0]
						},
						"1.88": {
							"vector": [1, 1, 1]
						},
						"2.08": {
							"vector": [1, 1, 1]
						},
						"3.0": {
							"vector": [0, 0, 0]
						}
					}
				},
				"sup_rot": {
					"rotation": {
						"0.0": {
							"vector": [0, 0, -7.5]
						},
						"2.8": {
							"vector": [0, 0, -7.5]
						},
						"3.12": {
							"vector": [0, 0, 0]
						}
					}
				}
			}
		},
		"fall": {
			"loop": true,
			"animation_length": 0.4,
			"bones": {
				"corps": {
					"rotation": {
						"0.0": {
							"vector": [17.5, 0, 0]
						},
						"0.2": {
							"vector": [25, 0, 0]
						},
						"0.4": {
							"vector": [17.5, 0, 0]
						}
					},
					"position": {
						"vector": [0, 2, 0]
					}
				},
				"moustache": {
					"rotation": {
						"0.0": {
							"vector": [0, 0, -45]
						},
						"0.2": {
							"vector": [0, 0, -60]
						},
						"0.4": {
							"vector": [0, 0, -45]
						}
					}
				},
				"moustache2": {
					"rotation": {
						"0.0": {
							"vector": [0, 0, 45]
						},
						"0.2": {
							"vector": [0, 0, 60]
						},
						"0.4": {
							"vector": [0, 0, 45]
						}
					}
				},
				"nageoire_gauche": {
					"rotation": {
						"0.0": {
							"vector": [0, 0, -35]
						},
						"0.16": {
							"vector": [0, 0, -22.5],
							"easing": "linear"
						},
						"0.4": {
							"vector": [0, 0, -35],
							"easing": "linear"
						}
					}
				},
				"nageoire_droite": {
					"rotation": {
						"0.0": {
							"vector": [0, 0, 35]
						},
						"0.16": {
							"vector": [0, 0, 22.5],
							"easing": "linear"
						},
						"0.4": {
							"vector": [0, 0, 35]
						}
					}
				},
				"nageoire": {
					"rotation": {
						"0.0": {
							"vector": [17.5, 0, 0]
						},
						"0.28": {
							"vector": [25, 0, 0]
						},
						"0.4": {
							"vector": [17.5, 0, 0]
						}
					}
				},
				"nageoire2": {
					"rotation": {
						"0.0": {
							"vector": [17.5, 0, 0]
						},
						"0.24": {
							"vector": [25, 0, 0]
						},
						"0.4": {
							"vector": [17.5, 0, 0]
						}
					}
				},
				"bubble": {
					"scale": {
						"vector": [0, 0, 0]
					}
				},
				"bubble2": {
					"scale": {
						"vector": [0, 0, 0]
					}
				}
			}
		}
	}
}