{
	"format_version": "1.8.0",
	"animations": {
		"skill": {
			"animation_length": 3.16,
			"bones": {
				"head": {
					"rotation": {
						"0.0": {
							"vector": [0, 0, 0]
						},
						"3.16": {
							"vector": [0, 0, 0],
							"easing": "easeOutElastic"
						}
					},
					"position": {
						"0.0": {
							"vector": [0, 0, 0]
						},
						"0.64": {
							"vector": [0, 0, 1.5],
							"easing": "easeInElastic"
						},
						"1.16": {
							"vector": [0, -6, 1.5],
							"easing": "easeInElastic"
						},
						"2.0": {
							"vector": [0, -6, 1.5],
							"easing": "easeInElastic"
						},
						"2.52": {
							"vector": [0, 0, 1.5],
							"easing": "easeOutElastic"
						},
						"3.16": {
							"vector": [0, 0, 0],
							"easing": "easeOutElastic"
						}
					},
					"scale": {
						"0.88": {
							"vector": [1, 1, 1]
						},
						"0.92": {
							"vector": [0, 0, 0]
						},
						"2.24": {
							"vector": [0, 0, 0]
						},
						"2.28": {
							"vector": [1, 1, 1]
						}
					}
				},
				"body": {
					"position": {
						"0.64": {
							"vector": [0, 0, 0]
						},
						"1.16": {
							"vector": [0, -1, 0],
							"easing": "easeInElastic"
						},
						"2.0": {
							"vector": [0, -1, 0],
							"easing": "easeInElastic"
						},
						"2.52": {
							"vector": [0, 0, 0]
						}
					}
				},
				"right_arm": {
					"rotation": {
						"0.0": {
							"vector": [0, 0, 0]
						},
						"0.64": {
							"vector": [0, 0, -77.5],
							"easing": "easeInElastic"
						},
						"2.52": {
							"vector": [0, 0, -77.5],
							"easing": "easeOutElastic"
						},
						"3.16": {
							"vector": [0, 0, 0],
							"easing": "easeOutElastic"
						}
					}
				},
				"right_leg": {
					"position": {
						"0.64": {
							"vector": [0, 0, 0]
						},
						"1.16": {
							"vector": [0, 1, 0],
							"easing": "easeInElastic"
						},
						"2.0": {
							"vector": [0, 1, 0],
							"easing": "easeInElastic"
						},
						"2.52": {
							"vector": [0, 0, 0]
						}
					}
				},
				"left_leg": {
					"position": {
						"0.64": {
							"vector": [0, 0, 0]
						},
						"1.16": {
							"vector": [0, 1, 0],
							"easing": "easeInElastic"
						},
						"2.0": {
							"vector": [0, 1, 0],
							"easing": "easeInElastic"
						},
						"2.52": {
							"vector": [0, 0, 0]
						}
					}
				},
				"left_arm": {
					"rotation": {
						"0.0": {
							"vector": [0, 0, 0]
						},
						"0.64": {
							"vector": [0, 0, 77.5],
							"easing": "easeInElastic"
						},
						"2.52": {
							"vector": [0, 0, 77.5],
							"easing": "easeOutElastic"
						},
						"3.16": {
							"vector": [0, 0, 0],
							"easing": "easeOutElastic"
						}
					}
				},
				"top": {
					"rotation": {
						"1.16": {
							"vector": [0, 0, 0]
						},
						"2.0": {
							"vector": [0, 360, 0],
							"easing": "easeInElastic"
						},
						"2.04": {
							"vector": [0, 0, 0],
							"easing": "step",
							"easingArgs": [2]
						}
					}
				},
				"popiere": {
					"scale": {
						"0.0": {
							"vector": [0, 0, 0]
						},
						"0.52": {
							"vector": [0, 0, 0]
						},
						"0.56": {
							"vector": [1.05, 1.05, 1.05]
						},
						"2.64": {
							"vector": [1.05, 1.05, 1.05]
						},
						"2.68": {
							"vector": [0, 0, 0]
						}
					}
				},
				"popiere2": {
					"scale": {
						"0.0": {
							"vector": [0, 0, 0]
						},
						"0.52": {
							"vector": [0, 0, 0]
						},
						"0.56": {
							"vector": [1.05, 1.05, 1.05]
						},
						"2.64": {
							"vector": [1.05, 1.05, 1.05]
						},
						"2.68": {
							"vector": [0, 0, 0]
						}
					}
				}
			}
		},
		"swim": {
			"loop": true,
			"animation_length": 1,
			"bones": {
				"right_leg_2": {
					"rotation": {
						"0.0": {
							"vector": [0, -12, 12.5]
						},
						"0.24": {
							"vector": [42.5, -12, 12.5]
						},
						"0.72": {
							"vector": [-28, -12, 12.5]
						},
						"1.0": {
							"vector": [0, -12, 12.5]
						}
					},
					"position": {
						"0.0": {
							"vector": [0, 0, 0]
						},
						"0.24": {
							"vector": [0, 1, 0]
						},
						"0.48": {
							"vector": [0, 0, 0]
						},
						"0.72": {
							"vector": [0, 1, 0]
						},
						"1.0": {
							"vector": [0, 0, 0]
						}
					}
				},
				"left_leg_2": {
					"rotation": {
						"0.0": {
							"vector": [0, 12, -12.5]
						},
						"0.24": {
							"vector": [42.5, 12, -12.5]
						},
						"0.72": {
							"vector": [-28, 12, -12.5]
						},
						"1.0": {
							"vector": [0, 12, -12.5]
						}
					},
					"position": {
						"0.0": {
							"vector": [0, 0, 0]
						},
						"0.24": {
							"vector": [0, 1, 0]
						},
						"0.48": {
							"vector": [0, 0, 0]
						},
						"0.72": {
							"vector": [0, 1, 0]
						},
						"1.0": {
							"vector": [0, 0, 0]
						}
					}
				},
				"head": {
					"rotation": {
						"0.32": {
							"vector": [-7.5, 0, 0]
						},
						"0.68": {
							"vector": [10, 0, 0]
						},
						"1.0": {
							"vector": [-7.5, 0, 0]
						}
					}
				},
				"body": {
					"rotation": {
						"0.0": {
							"vector": [7.5, 0, 0]
						},
						"0.4": {
							"vector": [0, 0, 0]
						},
						"1.0": {
							"vector": [7.5, 0, 0]
						}
					},
					"position": {
						"0.0": {
							"vector": [0, 0, 0]
						},
						"0.4": {
							"vector": [0, -1, 0]
						},
						"1.0": {
							"vector": [0, 0, 0]
						}
					}
				},
				"right_arm": {
					"rotation": {
						"0.0": {
							"vector": [0, -12, -12.5]
						},
						"0.24": {
							"vector": [-42.5, -12, -12.5],
							"easing": "linear"
						},
						"0.72": {
							"vector": [28, -12, -12.5],
							"easing": "linear"
						},
						"1.0": {
							"vector": [0, -12, -12.5]
						}
					},
					"position": {
						"0.0": {
							"vector": [0, 0, 0]
						},
						"0.24": {
							"vector": [0, 1, 0],
							"easing": "linear"
						},
						"0.48": {
							"vector": [0, 0, 0]
						},
						"0.72": {
							"vector": [0, 1, 0],
							"easing": "linear"
						},
						"1.0": {
							"vector": [0, 0, 0]
						}
					}
				},
				"right_leg": {
					"rotation": {
						"0.0": {
							"vector": [0, 0, 0]
						},
						"0.12": {
							"vector": [22.5, 0, 0],
							"easing": "linear"
						},
						"0.36": {
							"vector": [-22.5, 0, 0],
							"easing": "linear"
						},
						"0.48": {
							"vector": [0, 0, 0]
						},
						"0.6": {
							"vector": [22.5, 0, 0],
							"easing": "linear"
						},
						"0.88": {
							"vector": [-22.5, 0, 0],
							"easing": "linear"
						},
						"1.0": {
							"vector": [0, 0, 0],
							"easing": "linear"
						}
					}
				},
				"left_leg": {
					"rotation": {
						"0.0": {
							"vector": [0, 0, 0]
						},
						"0.12": {
							"vector": [-22.5, 0, 0],
							"easing": "linear"
						},
						"0.36": {
							"vector": [22.5, 0, 0],
							"easing": "linear"
						},
						"0.48": {
							"vector": [0, 0, 0]
						},
						"0.6": {
							"vector": [-22.5, 0, 0],
							"easing": "linear"
						},
						"0.88": {
							"vector": [22.5, 0, 0],
							"easing": "linear"
						},
						"1.0": {
							"vector": [0, 0, 0]
						}
					}
				},
				"left_arm": {
					"rotation": {
						"0.0": {
							"vector": [0, 12, 12.5]
						},
						"0.24": {
							"vector": [-42.5, 12, 12.5]
						},
						"0.72": {
							"vector": [28, 12, 12.5]
						},
						"1.0": {
							"vector": [0, 12, 12.5]
						}
					},
					"position": {
						"0.0": {
							"vector": [0, 0, 0]
						},
						"0.24": {
							"vector": [0, 1, 0]
						},
						"0.48": {
							"vector": [0, 0, 0]
						},
						"0.72": {
							"vector": [0, 1, 0]
						},
						"1.0": {
							"vector": [0, 0, 0]
						}
					}
				}
			}
		},
		"walk": {
			"loop": true,
			"animation_length": 0.64,
			"bones": {
				"head": {
					"rotation": {
						"0.0": {
							"vector": [0, 1.5, 0]
						},
						"0.16": {
							"vector": [-2.5, 0.33, 2.5],
							"easing": "linear"
						},
						"0.32": {
							"vector": [0, -1.5, 0]
						},
						"0.48": {
							"vector": [-2.5, 0.33, -2.5]
						},
						"0.64": {
							"vector": [0, 1.5, 0]
						}
					}
				},
				"body": {
					"rotation": {
						"0.0": {
							"vector": [0, 2.5, 0]
						},
						"0.16": {
							"vector": [-5, 0.33, 5],
							"easing": "linear"
						},
						"0.32": {
							"vector": [0, -2.5, 0]
						},
						"0.48": {
							"vector": [-5, 0.33, -5]
						},
						"0.64": {
							"vector": [0, 2.5, 0]
						}
					}
				},
				"right_arm": {
					"rotation": {
						"0.0": {
							"vector": [0, 0, 0]
						},
						"0.16": {
							"vector": [-22.5, 0, 0],
							"easing": "linear"
						},
						"0.48": {
							"vector": [22.5, 0, 0],
							"easing": "linear"
						},
						"0.64": {
							"vector": [0, 0, 0],
							"easing": "linear"
						}
					}
				},
				"right_leg": {
					"rotation": {
						"0.0": {
							"vector": [0, -5, 0]
						},
						"0.16": {
							"vector": [7.5, -2.67, -7.5]
						},
						"0.32": {
							"vector": [0, 0, 0]
						},
						"0.4": {
							"vector": [15, 0, 0]
						},
						"0.56": {
							"vector": [-45, 0, 0]
						},
						"0.64": {
							"vector": [0, -5, 0]
						}
					},
					"position": {
						"0.0": {
							"vector": [0, 0.1, -2]
						},
						"0.16": {
							"vector": [-0.5, 0, -0.13]
						},
						"0.32": {
							"vector": [-0.5, 0.1, 1]
						},
						"0.48": {
							"vector": [0.5, 1, -0.11]
						},
						"0.64": {
							"vector": [0, 0.1, -2]
						}
					}
				},
				"left_leg": {
					"rotation": {
						"0.0": {
							"vector": [0, 0, 0]
						},
						"0.08": {
							"vector": [22.5, 0, 0]
						},
						"0.24": {
							"vector": [-45, 0, 0]
						},
						"0.32": {
							"vector": [0, 5, 0]
						},
						"0.48": {
							"vector": [7.5, 2.33, 7.5]
						},
						"0.64": {
							"vector": [0, 0, 0]
						}
					},
					"position": {
						"0.0": {
							"vector": [-0.5, 0.1, 1]
						},
						"0.16": {
							"vector": [-0.5, 1, 0.12]
						},
						"0.32": {
							"vector": [0, 0.1, -2]
						},
						"0.48": {
							"vector": [0.5, 0, -0.13]
						},
						"0.64": {
							"vector": [-0.5, 0.1, 1]
						}
					}
				},
				"left_arm": {
					"rotation": {
						"0.0": {
							"vector": [0, 0, 0]
						},
						"0.16": {
							"vector": [22.5, 0, 0],
							"easing": "linear"
						},
						"0.48": {
							"vector": [-22.5, 0, 0],
							"easing": "linear"
						},
						"0.64": {
							"vector": [0, 0, 0],
							"easing": "linear"
						}
					}
				}
			}
		},
		"fall": {
			"loop": true,
			"animation_length": 0.4,
			"bones": {
				"head": {
					"rotation": {
						"0.0": {
							"vector": [-7.5, 0, 0]
						},
						"0.2": {
							"vector": [-15, 0, 0]
						},
						"0.4": {
							"vector": [-7.5, 0, 0]
						}
					}
				},
				"body": {
					"rotation": {
						"0.0": {
							"vector": [17.5, 0, 0]
						},
						"0.2": {
							"vector": [25, 0, 0]
						},
						"0.4": {
							"vector": [17.5, 0, 0]
						}
					},
					"position": {
						"vector": [0, 2, 0]
					}
				},
				"right_arm": {
					"rotation": {
						"0.0": {
							"vector": [0, 0, -35]
						},
						"0.16": {
							"vector": [0, 0, -22.5],
							"easing": "linear"
						},
						"0.4": {
							"vector": [0, 0, -35],
							"easing": "linear"
						}
					}
				},
				"right_leg": {
					"rotation": {
						"vector": [-60, 0, 0]
					}
				},
				"left_leg": {
					"rotation": {
						"vector": [-60, 0, 0]
					}
				},
				"left_arm": {
					"rotation": {
						"0.0": {
							"vector": [0, 0, 35]
						},
						"0.16": {
							"vector": [0, 0, 22.5],
							"easing": "linear"
						},
						"0.4": {
							"vector": [0, 0, 35],
							"easing": "linear"
						}
					}
				}
			}
		},
		"idle": {
			"loop": true,
			"animation_length": 2.6,
			"bones": {
				"right_leg_2": {
					"rotation": {
						"0.0": {
							"vector": [0, 0, 0]
						},
						"1.0": {
							"vector": [-5, -2.5, 0]
						},
						"2.6": {
							"vector": [0, 0, 0]
						}
					},
					"position": {
						"0.0": {
							"vector": [0, 0, 0]
						},
						"1.0": {
							"vector": [0, 0.25, 0]
						},
						"2.6": {
							"vector": [0, 0, 0]
						}
					},
					"scale": {
						"0.0": {
							"vector": [1, 1, 1]
						},
						"1.0": {
							"vector": [1, 0.9, 1]
						},
						"2.6": {
							"vector": [1, 1, 1]
						}
					}
				},
				"left_leg_2": {
					"rotation": {
						"0.0": {
							"vector": [0, 0, 0]
						},
						"1.0": {
							"vector": [-5, 2.5, 0]
						},
						"2.6": {
							"vector": [0, 0, 0]
						}
					},
					"position": {
						"0.0": {
							"vector": [0, 0, 0]
						},
						"1.0": {
							"vector": [0, 0.25, 0]
						},
						"2.6": {
							"vector": [0, 0, 0]
						}
					},
					"scale": {
						"0.0": {
							"vector": [1, 1, 1]
						},
						"1.0": {
							"vector": [1, 0.9, 1]
						},
						"2.6": {
							"vector": [1, 1, 1]
						}
					}
				},
				"head": {
					"rotation": {
						"0.0": {
							"vector": [0, 0, 0]
						},
						"0.4": {
							"vector": [0, 15, 0],
							"easing": "easeInElastic"
						},
						"1.0": {
							"vector": [0, -20, 0],
							"easing": "easeInElastic"
						},
						"1.5": {
							"vector": [-20, -20, 0],
							"easing": "easeInElastic"
						},
						"2.1": {
							"vector": [0, -20, 0],
							"easing": "easeInElastic"
						},
						"2.6": {
							"vector": [0, 0, 0],
							"easing": "easeInElastic"
						}
					}
				},
				"body": {
					"rotation": {
						"0.0": {
							"vector": [0, 0, 0]
						},
						"1.0": {
							"vector": [2.5, 0, 0]
						},
						"2.6": {
							"vector": [0, 0, 0]
						}
					},
					"position": {
						"0.0": {
							"vector": [0, 0, 0]
						},
						"1.0": {
							"vector": [0, -0.5, 0]
						},
						"2.6": {
							"vector": [0, 0, 0]
						}
					}
				},
				"right_arm": {
					"rotation": {
						"0.0": {
							"vector": [0, 0, 0]
						},
						"1.0": {
							"vector": [-5, 0, 0]
						},
						"2.6": {
							"vector": [0, 0, 0]
						}
					}
				},
				"right_leg": {
					"rotation": {
						"0.0": {
							"vector": [0, 0, 0]
						},
						"1.0": {
							"vector": [-2.5, -2.5, 0]
						},
						"2.6": {
							"vector": [0, 0, 0]
						}
					},
					"position": {
						"0.0": {
							"vector": [0, 0, 0]
						},
						"1.0": {
							"vector": [0, 0.5, 0]
						},
						"2.6": {
							"vector": [0, 0, 0]
						}
					}
				},
				"left_leg": {
					"rotation": {
						"0.0": {
							"vector": [0, 0, 0]
						},
						"1.0": {
							"vector": [-2.5, 2.5, 0]
						},
						"2.6": {
							"vector": [0, 0, 0]
						}
					},
					"position": {
						"0.0": {
							"vector": [0, 0, 0]
						},
						"1.0": {
							"vector": [0, 0.5, 0]
						},
						"2.6": {
							"vector": [0, 0, 0]
						}
					}
				},
				"left_arm": {
					"rotation": {
						"0.0": {
							"vector": [0, 0, 0]
						},
						"1.0": {
							"vector": [-5, 0, 0]
						},
						"2.6": {
							"vector": [0, 0, 0]
						}
					}
				},
				"popiere": {
					"scale": {
						"0.3": {
							"vector": [0, 0, 0]
						},
						"0.8": {
							"vector": [0, 0, 0]
						},
						"0.9": {
							"vector": [1.05, 1.05, 1.05]
						},
						"1.0": {
							"vector": [1.05, 1.05, 1.05]
						},
						"1.1": {
							"vector": [0, 0, 0]
						}
					}
				},
				"popiere2": {
					"scale": {
						"0.3": {
							"vector": [0, 0, 0]
						},
						"0.8": {
							"vector": [0, 0, 0]
						},
						"0.9": {
							"vector": [1.05, 1.05, 1.05]
						},
						"1.0": {
							"vector": [1.05, 1.05, 1.05]
						},
						"1.1": {
							"vector": [0, 0, 0]
						}
					}
				}
			}
		}
	},
	"geckolib_format_version": 2
}