{
	"format_version": "1.8.0",
	"animations": {
		"idle": {
			"loop": true,
			"animation_length": 1,
			"bones": {
				"bone": {
					"scale": {
						"0.0": {
							"vector": [1, 1, 1]
						},
						"0.44": {
							"vector": [1.1, 0.95, 1.1],
							"easing": "linear"
						},
						"1.0": {
							"vector": [1, 1, 1],
							"easing": "easeInElastic"
						}
					}
				},
				"bone3": {
					"rotation": {
						"0.0": {
							"vector": [0, 0, 0]
						},
						"0.52": {
							"vector": [0, 0, 10]
						},
						"1.0": {
							"vector": [0, 0, 0],
							"easing": "easeInElastic"
						}
					}
				},
				"bone2": {
					"rotation": {
						"0.0": {
							"vector": [0, 0, 0]
						},
						"0.52": {
							"vector": [0, 0, -10]
						},
						"1.0": {
							"vector": [0, 0, 0],
							"easing": "easeInElastic"
						}
					}
				},
				"bone4": {
					"rotation": {
						"0.0": {
							"vector": [0, 0, 0]
						},
						"0.52": {
							"vector": [10, 0, 0]
						},
						"1.0": {
							"vector": [0, 0, 0],
							"easing": "easeInElastic"
						}
					}
				},
				"bone6": {
					"position": {
						"0.0": {
							"vector": [0, -1, 0]
						},
						"0.44": {
							"vector": [0, -0.7, 0]
						},
						"1.0": {
							"vector": [0, -1, 0],
							"easing": "easeInElastic"
						}
					}
				},
				"bone5": {
					"position": {
						"0.0": {
							"vector": [0, 1, 0]
						},
						"0.44": {
							"vector": [0, 0.5, 0]
						},
						"1.0": {
							"vector": [0, 1, 0],
							"easing": "easeInElastic"
						}
					}
				}
			}
		},
		"walk": {
			"loop": true,
			"animation_length": 0.88,
			"bones": {
				"bone": {
					"position": {
						"0.0": {
							"vector": [0, 0, 0]
						},
						"0.44": {
							"vector": [0, 0, -2],
							"easing": "linear"
						},
						"0.88": {
							"vector": [0, 0, 0],
							"easing": "linear"
						}
					},
					"scale": {
						"0.0": {
							"vector": [1, 1, 1]
						},
						"0.44": {
							"vector": [1, 0.8, 1.2],
							"easing": "linear"
						},
						"0.88": {
							"vector": [1, 1, 1],
							"easing": "linear"
						}
					}
				},
				"bone6": {
					"position": {
						"0.0": {
							"vector": [0, -1, 0]
						},
						"0.44": {
							"vector": [0, -2.25, -3],
							"easing": "linear"
						},
						"0.88": {
							"vector": [0, -1, 0],
							"easing": "linear"
						}
					}
				},
				"bone5": {
					"position": {
						"vector": [0, 1, 0]
					}
				}
			}
		},
		"fall": {
			"loop": true,
			"animation_length": 0.4,
			"bones": {
				"bone": {
					"rotation": {
						"0.0": {
							"vector": [17.5, 0, 0]
						},
						"0.2": {
							"vector": [25, 0, 0]
						},
						"0.4": {
							"vector": [17.5, 0, 0]
						}
					},
					"position": {
						"vector": [0, 2, 0]
					}
				},
				"bone2": {
					"rotation": {
						"0.0": {
							"vector": [0, 0, -35]
						},
						"0.16": {
							"vector": [0, 0, -22.5],
							"easing": "linear"
						},
						"0.4": {
							"vector": [0, 0, -35],
							"easing": "linear"
						}
					}
				},
				"bone3": {
					"rotation": {
						"0.0": {
							"vector": [0, 0, 35]
						},
						"0.16": {
							"vector": [0, 0, 22.5],
							"easing": "linear"
						},
						"0.4": {
							"vector": [0, 0, 35],
							"easing": "linear"
						}
					}
				},
				"bone6": {
					"rotation": {
						"0.0": {
							"vector": [20, 0, 0]
						},
						"0.16": {
							"vector": [17.5, 0, 0]
						},
						"0.4": {
							"vector": [20, 0, 0]
						}
					},
					"position": {
						"0.0": {
							"vector": [0, 3, -4]
						},
						"0.4": {
							"vector": [0, 3, -4]
						}
					}
				},
				"bone5": {
					"position": {
						"vector": [0, 1, 0]
					}
				}
			}
		},
		"skill": {
			"loop": true,
			"animation_length": 1,
			"bones": {
				"bone": {
					"scale": {
						"0.0": {
							"vector": [1, 1, 1]
						},
						"0.52": {
							"vector": [1.2, 0.3, 1.2],
							"easing": "linear"
						},
						"1.0": {
							"vector": [1, 1, 1],
							"easing": "easeInElastic"
						}
					}
				},
				"bone3": {
					"rotation": {
						"0.0": {
							"vector": [0, 0, 0]
						},
						"0.2": {
							"vector": [0, 0, 10]
						},
						"1.0": {
							"vector": [0, 0, 0],
							"easing": "easeInElastic"
						}
					},
					"scale": {
						"0.0": {
							"vector": [1, 1, 1]
						},
						"0.52": {
							"vector": [0.8, 1.7, 0.8],
							"easing": "linear"
						},
						"1.0": {
							"vector": [1, 1, 1],
							"easing": "easeInElastic"
						}
					}
				},
				"bone2": {
					"rotation": {
						"0.0": {
							"vector": [0, 0, 0]
						},
						"0.2": {
							"vector": [0, 0, -10]
						},
						"1.0": {
							"vector": [0, 0, 0],
							"easing": "easeInElastic"
						}
					},
					"scale": {
						"0.0": {
							"vector": [1, 1, 1]
						},
						"0.52": {
							"vector": [0.8, 1.7, 0.8],
							"easing": "linear"
						},
						"1.0": {
							"vector": [1, 1, 1],
							"easing": "easeInElastic"
						}
					}
				},
				"bone4": {
					"rotation": {
						"0.0": {
							"vector": [0, 0, 0]
						},
						"0.2": {
							"vector": [10, 0, 0]
						},
						"1.0": {
							"vector": [0, 0, 0],
							"easing": "easeInElastic"
						}
					}
				},
				"bone6": {
					"position": {
						"0.0": {
							"vector": [0, 0, 0]
						},
						"0.52": {
							"vector": [0, 0.15, 0],
							"easing": "linear"
						},
						"1.0": {
							"vector": [0, 0, 0],
							"easing": "easeInElastic"
						}
					}
				},
				"bone5": {
					"position": {
						"0.0": {
							"vector": [0, 0, 0]
						},
						"0.52": {
							"vector": [0, -4.35, 0],
							"easing": "linear"
						},
						"1.0": {
							"vector": [0, 0, 0],
							"easing": "easeInElastic"
						}
					}
				},
				"bone7": {
					"position": {
						"0.0": {
							"vector": [0, 0, 0]
						},
						"0.2": {
							"vector": [0, 3, 0]
						},
						"0.68": {
							"vector": [0, 3, 0]
						},
						"1.0": {
							"vector": [0, 0, 0]
						}
					},
					"scale": {
						"0.0": {
							"vector": [0, 0, 0]
						},
						"0.2": {
							"vector": [1, 1, 1]
						},
						"0.68": {
							"vector": [1, 1, 1]
						},
						"1.0": {
							"vector": [0, 0, 0]
						}
					}
				}
			}
		}
	}
}