{
	"format_version": "1.8.0",
	"animations": {
		"idle": {
			"loop": true,
			"animation_length": 1.5,
			"bones": {
				"2": {
					"rotation": {
						"0.0": {
							"vector": [0, 0, 0]
						},
						"1.5": {
							"vector": [0, -360, 0]
						}
					}
				},
				"soucoupe": {
					"position": {
						"0.0": {
							"vector": [0, 0, 0]
						},
						"0.75": {
							"vector": [0, 2, 0],
							"easing": "easeInOutQuad"
						},
						"1.5": {
							"vector": [0, 0, 0],
							"easing": "easeInOutQuad"
						}
					}
				},
				"aspi": {
					"scale": {
						"vector": [0, 0, 0]
					}
				}
			}
		},
		"fall": {
			"loop": true,
			"animation_length": 1.5,
			"bones": {
				"2": {
					"rotation": {
						"0.0": {
							"vector": [0, 0, 0]
						},
						"1.5": {
							"vector": [0, -360, 0]
						}
					}
				},
				"soucoupe": {
					"position": {
						"0.0": {
							"vector": [0.25, 6.25, 0]
						},
						"0.0833": {
							"vector": [-0.25, 6.25, 0]
						},
						"0.1667": {
							"vector": [0.25, 6, 0]
						},
						"0.25": {
							"vector": [-0.25, 6, 0]
						},
						"0.3333": {
							"vector": [0.25, 6.25, 0]
						},
						"0.4167": {
							"vector": [-0.25, 6.25, 0]
						},
						"0.5": {
							"vector": [0.25, 6, 0]
						},
						"0.5833": {
							"vector": [-0.25, 6, 0]
						},
						"0.6667": {
							"vector": [0.25, 6.25, 0]
						},
						"0.75": {
							"vector": [-0.25, 6.25, 0]
						},
						"0.8333": {
							"vector": [0.25, 6, 0]
						},
						"0.9167": {
							"vector": [-0.25, 6, 0]
						},
						"1.0": {
							"vector": [0.25, 6.25, 0]
						},
						"1.0833": {
							"vector": [-0.25, 6.25, 0]
						},
						"1.1667": {
							"vector": [0.25, 6, 0]
						},
						"1.25": {
							"vector": [-0.25, 6, 0]
						},
						"1.3333": {
							"vector": [0.25, 6.25, 0]
						},
						"1.4167": {
							"vector": [-0.25, 6.25, 0]
						},
						"1.5": {
							"vector": [0, 6, 0]
						}
					}
				},
				"aspi": {
					"scale": {
						"vector": [0, 0, 0]
					}
				}
			}
		},
		"walk": {
			"loop": true,
			"animation_length": 1.5,
			"bones": {
				"2": {
					"rotation": {
						"0.0": {
							"vector": [0, 0, 0]
						},
						"1.5": {
							"vector": [0, -360, 0]
						}
					}
				},
				"soucoupe": {
					"rotation": {
						"vector": [20, 0, 0]
					},
					"position": {
						"0.0": {
							"vector": [0, 0, 0]
						},
						"0.75": {
							"vector": [0, 2, 0],
							"easing": "easeInOutQuad"
						},
						"1.5": {
							"vector": [0, 0, 0],
							"easing": "easeInOutQuad"
						}
					}
				},
				"aspi": {
					"scale": {
						"vector": [0, 0, 0]
					}
				}
			}
		},
		"swim": {
			"loop": true,
			"animation_length": 1.5,
			"bones": {
				"2": {
					"rotation": {
						"0.0": {
							"vector": [0, 0, 0]
						},
						"1.5": {
							"vector": [0, -360, 0]
						}
					}
				},
				"soucoupe": {
					"rotation": {
						"vector": [20, 0, 0]
					},
					"position": {
						"0.0": {
							"vector": [0, 0, 0]
						},
						"0.75": {
							"vector": [0, 2, 0],
							"easing": "easeInOutQuad"
						},
						"1.5": {
							"vector": [0, 0, 0],
							"easing": "easeInOutQuad"
						}
					}
				},
				"aspi": {
					"scale": {
						"vector": [0, 0, 0]
					}
				}
			}
		},
		"skill": {
			"animation_length": 7.125,
			"bones": {
				"2": {
					"rotation": {
						"0.0": {
							"vector": [0, 0, 0]
						},
						"1.5": {
							"vector": [0, -360, 0]
						},
						"3.0": {
							"vector": [0, "-360*2", 0]
						},
						"4.5": {
							"vector": [0, "-360*3", 0]
						},
						"6.0": {
							"vector": [0, "-360*4", 0]
						},
						"7.125": {
							"vector": [0, "-360*5", 0]
						}
					}
				},
				"soucoupe": {
					"position": {
						"0.0": {
							"vector": [0, 0, 0]
						},
						"1.0": {
							"vector": [0, 6, 0],
							"easing": "easeInOutQuad"
						},
						"1.75": {
							"vector": [0, 4, 0],
							"easing": "easeInOutQuad"
						},
						"2.5": {
							"vector": [0, 6, 0],
							"easing": "easeInOutQuad"
						},
						"3.25": {
							"vector": [0, 4, 0],
							"easing": "easeInOutQuad"
						},
						"4.0": {
							"vector": [0, 6, 0],
							"easing": "easeInOutQuad"
						},
						"4.75": {
							"vector": [0, 4, 0],
							"easing": "easeInOutQuad"
						},
						"5.5": {
							"vector": [0, 6, 0],
							"easing": "easeInOutQuad"
						},
						"6.25": {
							"vector": [0, 4, 0],
							"easing": "easeInOutQuad"
						},
						"7.0": {
							"vector": [0, 0, 0],
							"easing": "easeInOutQuad"
						}
					}
				},
				"aspi": {
					"scale": {
						"0.0": {
							"vector": [0, 0, 0]
						},
						"0.9167": {
							"vector": [0, 0, 0]
						},
						"1.0": {
							"vector": [1, 1, 1]
						},
						"6.25": {
							"vector": [1, 1, 1]
						},
						"6.3333": {
							"vector": [0, 0, 0]
						}
					}
				},
				"1frame": {
					"scale": {
						"0.875": {
							"vector": [0, 0, 0]
						},
						"0.9167": {
							"vector": [1, 1, 1],
							"easing": "step",
							"easingArgs": [2]
						},
						"1.125": {
							"vector": [1, 1, 1],
							"easing": "step",
							"easingArgs": [2]
						},
						"1.1667": {
							"vector": [0, 0, 0],
							"easing": "step",
							"easingArgs": [2]
						},
						"1.7083": {
							"vector": [0, 0, 0]
						},
						"1.75": {
							"vector": [1, 1, 1],
							"easing": "step",
							"easingArgs": [2]
						},
						"1.9583": {
							"vector": [1, 1, 1],
							"easing": "step",
							"easingArgs": [2]
						},
						"2.0": {
							"vector": [0, 0, 0],
							"easing": "step",
							"easingArgs": [2]
						},
						"2.5417": {
							"vector": [0, 0, 0]
						},
						"2.5833": {
							"vector": [1, 1, 1],
							"easing": "step",
							"easingArgs": [2]
						},
						"2.7917": {
							"vector": [1, 1, 1],
							"easing": "step",
							"easingArgs": [2]
						},
						"2.8333": {
							"vector": [0, 0, 0],
							"easing": "step",
							"easingArgs": [2]
						},
						"3.375": {
							"vector": [0, 0, 0]
						},
						"3.4167": {
							"vector": [1, 1, 1],
							"easing": "step",
							"easingArgs": [2]
						},
						"3.625": {
							"vector": [1, 1, 1],
							"easing": "step",
							"easingArgs": [2]
						},
						"3.6667": {
							"vector": [0, 0, 0],
							"easing": "step",
							"easingArgs": [2]
						},
						"4.2083": {
							"vector": [0, 0, 0]
						},
						"4.25": {
							"vector": [1, 1, 1],
							"easing": "step",
							"easingArgs": [2]
						},
						"4.4583": {
							"vector": [1, 1, 1],
							"easing": "step",
							"easingArgs": [2]
						},
						"4.5": {
							"vector": [0, 0, 0],
							"easing": "step",
							"easingArgs": [2]
						},
						"5.0417": {
							"vector": [0, 0, 0]
						},
						"5.0833": {
							"vector": [1, 1, 1],
							"easing": "step",
							"easingArgs": [2]
						},
						"5.2917": {
							"vector": [1, 1, 1],
							"easing": "step",
							"easingArgs": [2]
						},
						"5.3333": {
							"vector": [0, 0, 0],
							"easing": "step",
							"easingArgs": [2]
						},
						"5.875": {
							"vector": [0, 0, 0]
						},
						"5.9167": {
							"vector": [1, 1, 1],
							"easing": "step",
							"easingArgs": [2]
						},
						"6.125": {
							"vector": [1, 1, 1],
							"easing": "step",
							"easingArgs": [2]
						},
						"6.1667": {
							"vector": [0, 0, 0],
							"easing": "step",
							"easingArgs": [2]
						}
					}
				},
				"2frame2": {
					"scale": {
						"1.0833": {
							"vector": [0, 0, 0]
						},
						"1.125": {
							"vector": [1, 1, 1],
							"easing": "step",
							"easingArgs": [2]
						},
						"1.3333": {
							"vector": [1, 1, 1],
							"easing": "step",
							"easingArgs": [2]
						},
						"1.375": {
							"vector": [0, 0, 0],
							"easing": "step",
							"easingArgs": [2]
						},
						"1.9167": {
							"vector": [0, 0, 0]
						},
						"1.9583": {
							"vector": [1, 1, 1],
							"easing": "step",
							"easingArgs": [2]
						},
						"2.1667": {
							"vector": [1, 1, 1],
							"easing": "step",
							"easingArgs": [2]
						},
						"2.2083": {
							"vector": [0, 0, 0],
							"easing": "step",
							"easingArgs": [2]
						},
						"2.75": {
							"vector": [0, 0, 0]
						},
						"2.7917": {
							"vector": [1, 1, 1],
							"easing": "step",
							"easingArgs": [2]
						},
						"3.0": {
							"vector": [1, 1, 1],
							"easing": "step",
							"easingArgs": [2]
						},
						"3.0417": {
							"vector": [0, 0, 0],
							"easing": "step",
							"easingArgs": [2]
						},
						"3.5833": {
							"vector": [0, 0, 0]
						},
						"3.625": {
							"vector": [1, 1, 1],
							"easing": "step",
							"easingArgs": [2]
						},
						"3.8333": {
							"vector": [1, 1, 1],
							"easing": "step",
							"easingArgs": [2]
						},
						"3.875": {
							"vector": [0, 0, 0],
							"easing": "step",
							"easingArgs": [2]
						},
						"4.4167": {
							"vector": [0, 0, 0]
						},
						"4.4583": {
							"vector": [1, 1, 1],
							"easing": "step",
							"easingArgs": [2]
						},
						"4.6667": {
							"vector": [1, 1, 1],
							"easing": "step",
							"easingArgs": [2]
						},
						"4.7083": {
							"vector": [0, 0, 0],
							"easing": "step",
							"easingArgs": [2]
						},
						"5.25": {
							"vector": [0, 0, 0]
						},
						"5.2917": {
							"vector": [1, 1, 1],
							"easing": "step",
							"easingArgs": [2]
						},
						"5.5": {
							"vector": [1, 1, 1],
							"easing": "step",
							"easingArgs": [2]
						},
						"5.5417": {
							"vector": [0, 0, 0],
							"easing": "step",
							"easingArgs": [2]
						},
						"6.0833": {
							"vector": [0, 0, 0]
						},
						"6.125": {
							"vector": [1, 1, 1],
							"easing": "step",
							"easingArgs": [2]
						},
						"6.3333": {
							"vector": [1, 1, 1],
							"easing": "step",
							"easingArgs": [2]
						},
						"6.375": {
							"vector": [0, 0, 0],
							"easing": "step",
							"easingArgs": [2]
						}
					}
				},
				"3frame3": {
					"scale": {
						"1.2917": {
							"vector": [0, 0, 0]
						},
						"1.3333": {
							"vector": [1, 1, 1],
							"easing": "step",
							"easingArgs": [2]
						},
						"1.5417": {
							"vector": [1, 1, 1],
							"easing": "step",
							"easingArgs": [2]
						},
						"1.5833": {
							"vector": [0, 0, 0],
							"easing": "step",
							"easingArgs": [2]
						},
						"2.125": {
							"vector": [0, 0, 0]
						},
						"2.1667": {
							"vector": [1, 1, 1],
							"easing": "step",
							"easingArgs": [2]
						},
						"2.375": {
							"vector": [1, 1, 1],
							"easing": "step",
							"easingArgs": [2]
						},
						"2.4167": {
							"vector": [0, 0, 0],
							"easing": "step",
							"easingArgs": [2]
						},
						"2.9583": {
							"vector": [0, 0, 0]
						},
						"3.0": {
							"vector": [1, 1, 1],
							"easing": "step",
							"easingArgs": [2]
						},
						"3.2083": {
							"vector": [1, 1, 1],
							"easing": "step",
							"easingArgs": [2]
						},
						"3.25": {
							"vector": [0, 0, 0],
							"easing": "step",
							"easingArgs": [2]
						},
						"3.7917": {
							"vector": [0, 0, 0]
						},
						"3.8333": {
							"vector": [1, 1, 1],
							"easing": "step",
							"easingArgs": [2]
						},
						"4.0417": {
							"vector": [1, 1, 1],
							"easing": "step",
							"easingArgs": [2]
						},
						"4.0833": {
							"vector": [0, 0, 0],
							"easing": "step",
							"easingArgs": [2]
						},
						"4.625": {
							"vector": [0, 0, 0]
						},
						"4.6667": {
							"vector": [1, 1, 1],
							"easing": "step",
							"easingArgs": [2]
						},
						"4.875": {
							"vector": [1, 1, 1],
							"easing": "step",
							"easingArgs": [2]
						},
						"4.9167": {
							"vector": [0, 0, 0],
							"easing": "step",
							"easingArgs": [2]
						},
						"5.4583": {
							"vector": [0, 0, 0]
						},
						"5.5": {
							"vector": [1, 1, 1],
							"easing": "step",
							"easingArgs": [2]
						},
						"5.7083": {
							"vector": [1, 1, 1],
							"easing": "step",
							"easingArgs": [2]
						},
						"5.75": {
							"vector": [0, 0, 0],
							"easing": "step",
							"easingArgs": [2]
						},
						"6.2917": {
							"vector": [0, 0, 0]
						},
						"6.3333": {
							"vector": [1, 1, 1],
							"easing": "step",
							"easingArgs": [2]
						},
						"6.5417": {
							"vector": [1, 1, 1],
							"easing": "step",
							"easingArgs": [2]
						},
						"6.5833": {
							"vector": [0, 0, 0],
							"easing": "step",
							"easingArgs": [2]
						}
					}
				},
				"4frame4": {
					"scale": {
						"1.5": {
							"vector": [0, 0, 0]
						},
						"1.5417": {
							"vector": [1, 1, 1],
							"easing": "step",
							"easingArgs": [2]
						},
						"1.75": {
							"vector": [1, 1, 1],
							"easing": "step",
							"easingArgs": [2]
						},
						"1.7917": {
							"vector": [0, 0, 0],
							"easing": "step",
							"easingArgs": [2]
						},
						"2.3333": {
							"vector": [0, 0, 0]
						},
						"2.375": {
							"vector": [1, 1, 1],
							"easing": "step",
							"easingArgs": [2]
						},
						"2.5833": {
							"vector": [1, 1, 1],
							"easing": "step",
							"easingArgs": [2]
						},
						"2.625": {
							"vector": [0, 0, 0],
							"easing": "step",
							"easingArgs": [2]
						},
						"3.1667": {
							"vector": [0, 0, 0]
						},
						"3.2083": {
							"vector": [1, 1, 1],
							"easing": "step",
							"easingArgs": [2]
						},
						"3.4167": {
							"vector": [1, 1, 1],
							"easing": "step",
							"easingArgs": [2]
						},
						"3.4583": {
							"vector": [0, 0, 0],
							"easing": "step",
							"easingArgs": [2]
						},
						"4.0": {
							"vector": [0, 0, 0]
						},
						"4.0417": {
							"vector": [1, 1, 1],
							"easing": "step",
							"easingArgs": [2]
						},
						"4.25": {
							"vector": [1, 1, 1],
							"easing": "step",
							"easingArgs": [2]
						},
						"4.2917": {
							"vector": [0, 0, 0],
							"easing": "step",
							"easingArgs": [2]
						},
						"4.8333": {
							"vector": [0, 0, 0]
						},
						"4.875": {
							"vector": [1, 1, 1],
							"easing": "step",
							"easingArgs": [2]
						},
						"5.0833": {
							"vector": [1, 1, 1],
							"easing": "step",
							"easingArgs": [2]
						},
						"5.125": {
							"vector": [0, 0, 0],
							"easing": "step",
							"easingArgs": [2]
						},
						"5.6667": {
							"vector": [0, 0, 0]
						},
						"5.7083": {
							"vector": [1, 1, 1],
							"easing": "step",
							"easingArgs": [2]
						},
						"5.9167": {
							"vector": [1, 1, 1],
							"easing": "step",
							"easingArgs": [2]
						},
						"5.9583": {
							"vector": [0, 0, 0],
							"easing": "step",
							"easingArgs": [2]
						},
						"6.5": {
							"vector": [0, 0, 0]
						},
						"6.5417": {
							"vector": [1, 1, 1],
							"easing": "step",
							"easingArgs": [2]
						},
						"6.75": {
							"vector": [1, 1, 1],
							"easing": "step",
							"easingArgs": [2]
						},
						"6.7917": {
							"vector": [0, 0, 0],
							"easing": "step",
							"easingArgs": [2]
						}
					}
				}
			}
		}
	},
	"geckolib_format_version": 2
}