{
	"format_version": "1.12.0",
	"minecraft:geometry": [
		{
			"description": {
				"identifier": "geometry.unknown",
				"texture_width": 64,
				"texture_height": 64,
				"visible_bounds_width": 2,
				"visible_bounds_height": 2.5,
				"visible_bounds_offset": [0, 0.75, 0]
			},
			"bones": [
				{
					"name": "all",
					"pivot": [0, 0, 0]
				},
				{
					"name": "cage",
					"parent": "all",
					"pivot": [0, 0, 0]
				},
				{
					"name": "wood",
					"parent": "cage",
					"pivot": [0, 0, 0],
					"cubes": [
						{"origin": [-8, 16, -8], "size": [16, 2, 16], "uv": [0, 0]},
						{"origin": [-8, 0, -8], "size": [16, 2, 16], "uv": [0, 0]},
						{"origin": [5, 2, -7], "size": [2, 14, 2], "uv": [0, 0]},
						{"origin": [5, 2, 5], "size": [2, 14, 2], "uv": [0, 0]},
						{"origin": [-7, 2, 5], "size": [2, 14, 2], "uv": [0, 0]},
						{"origin": [-7, 2, -7], "size": [2, 14, 2], "uv": [0, 0]}
					]
				},
				{
					"name": "Openingdoor",
					"parent": "cage",
					"pivot": [0, 0, 0],
					"cubes": [
						{"origin": [-5, 2, 6], "size": [10, 14, 0.001], "uv": [24, 18]},
						{"origin": [-5, 2, 6], "size": [10, 14, 0.001], "pivot": [0, 0, 0], "rotation": [0, -90, 0], "uv": [24, 18]},
						{"origin": [-5, 2, -6], "size": [10, 14, 0.001], "pivot": [0, 0, 0], "rotation": [0, -90, 0], "uv": [24, 18]}
					]
				},
				{
					"name": "Doors",
					"parent": "cage",
					"pivot": [0, 16, -5.95],
					"cubes": [
						{"origin": [-5, 2, -6], "size": [10, 14, 0.001], "uv": [24, 18]}
					]
				},
				{
					"name": "stick",
					"parent": "all",
					"pivot": [-3.46242, 0.25109, -15.5],
					"rotation": [90, 0, 0],
					"cubes": [
						{"origin": [-5, 13, -16], "size": [3, 1, 1], "inflate": 0.001, "uv": [8, 14]},
						{"origin": [-4, 0, -16], "size": [1, 13, 1], "uv": [8, 0]}
					]
				}
			]
		}
	]
}