{
	"format_version": "1.8.0",
	"animations": {
		"idle": {
			"loop": true,
			"bones": {
				"stick": {
					"scale": {
						"vector": [0, 0, 0]
					}
				}
			}
		},
		"closing": {
			"loop": "hold_on_last_frame",
			"animation_length": 2,
			"bones": {
				"Doors": {
					"rotation": {
						"0.0": {
							"vector": [-77.5, 0, 0]
						},
						"0.7083": {
							"vector": [-77.5, 0, 0]
						},
						"1.75": {
							"vector": [0, 0, 0],
							"easing": "easeInElastic",
							"easingArgs": [1.2]
						}
					},
					"position": {
						"vector": [0, 0, 0]
					}
				},
				"stick": {
					"rotation": {
						"0.0": {
							"vector": [-90, 0, 0],
							"easing": "easeInQuint"
						},
						"1.0": {
							"vector": [0, 0, 0],
							"easing": "easeInQuart"
						}
					}
				}
			}
		}
	},
	"geckolib_format_version": 2
}