{
	"format_version": "1.12.0",
	"minecraft:geometry": [
		{
			"description": {
				"identifier": "geometry.unknown",
				"texture_width": 64,
				"texture_height": 64,
				"visible_bounds_width": 4,
				"visible_bounds_height": 2.5,
				"visible_bounds_offset": [0, 0.75, 0]
			},
			"bones": [
				{
					"name": "root",
					"pivot": [0, 0, 0]
				},
				{
					"name": "torso",
					"parent": "root",
					"pivot": [0, 7, 0],
					"cubes": [
						{
							"origin": [-2.5, 4, -6],
							"size": [5, 6, 11],
							"uv": {
								"north": {"uv": [32, 13], "uv_size": [5, 6]},
								"east": {"uv": [18, 0], "uv_size": [11, 6]},
								"south": {"uv": [32, 20], "uv_size": [5, 6]},
								"west": {"uv": [18, 7], "uv_size": [11, 6]},
								"up": {"uv": [18, 14], "uv_size": [5, 11]},
								"down": {"uv": [0, 31], "uv_size": [5, -11]}
							}
						}
					]
				},
				{
					"name": "tail",
					"parent": "torso",
					"pivot": [0, 8, 5],
					"cubes": [
						{
							"origin": [-1.5, 6.5, 4],
							"size": [3, 3, 7],
							"uv": {
								"north": {"uv": [41, 19], "uv_size": [3, 3]},
								"east": {"uv": [14, 34], "uv_size": [7, 3]},
								"south": {"uv": [41, 23], "uv_size": [3, 3]},
								"west": {"uv": [22, 35], "uv_size": [7, 3]},
								"up": {"uv": [5, 36], "uv_size": [3, 7]},
								"down": {"uv": [9, 43], "uv_size": [3, -7]}
							}
						}
					]
				},
				{
					"name": "tail_end",
					"parent": "tail",
					"pivot": [0, 8, 10],
					"cubes": [
						{
							"origin": [-2, 6, 10],
							"size": [4, 4, 8],
							"uv": {
								"north": {"uv": [36, 27], "uv_size": [4, 4]},
								"east": {"uv": [30, 8], "uv_size": [8, 4]},
								"south": {"uv": [36, 32], "uv_size": [4, 4]},
								"west": {"uv": [22, 30], "uv_size": [8, 4]},
								"up": {"uv": [31, 30], "uv_size": [4, 8]},
								"down": {"uv": [0, 40], "uv_size": [4, -8]}
							}
						}
					]
				},
				{
					"name": "h_head",
					"parent": "torso",
					"pivot": [0, 9, -5],
					"cubes": [
						{
							"origin": [-3.5, 8, -11],
							"size": [7, 7, 7],
							"uv": {
								"north": {"uv": [6, 20], "uv_size": [7, 7]},
								"east": {"uv": [24, 14], "uv_size": [7, 7]},
								"south": {"uv": [24, 22], "uv_size": [7, 7]},
								"west": {"uv": [14, 26], "uv_size": [7, 7]},
								"up": {"uv": [6, 28], "uv_size": [7, 7]},
								"down": {"uv": [30, 7], "uv_size": [7, -7]}
							}
						},
						{
							"origin": [-1, 11.5, -11.5],
							"size": [2, 3, 1],
							"uv": {
								"north": {"uv": [44, 15], "uv_size": [2, 3]},
								"east": {"uv": [22, 26], "uv_size": [1, 3]},
								"south": {"uv": [45, 0], "uv_size": [2, 3]},
								"west": {"uv": [30, 46], "uv_size": [1, 3]},
								"up": {"uv": [46, 40], "uv_size": [2, 1]},
								"down": {"uv": [47, 18], "uv_size": [2, -1]}
							}
						}
					]
				},
				{
					"name": "ear_left",
					"parent": "h_head",
					"pivot": [3, 14.5, -7.5],
					"rotation": [-10, -10, 0],
					"cubes": [
						{
							"origin": [1.5, 13, -7.5],
							"size": [8, 9, 0.1],
							"uv": {
								"north": {"uv": [0, 0], "uv_size": [8, 9]},
								"east": {"uv": [47, 42], "uv_size": [0, 9]},
								"south": {"uv": [9, 0], "uv_size": [8, 9]},
								"west": {"uv": [44, 47], "uv_size": [0, 9]},
								"up": {"uv": [47, 30], "uv_size": [8, 0]},
								"down": {"uv": [47, 31], "uv_size": [8, 0]}
							}
						}
					]
				},
				{
					"name": "ear_right",
					"parent": "h_head",
					"pivot": [-3, 14.5, -7.5],
					"rotation": [-10, 10, 0],
					"cubes": [
						{
							"origin": [-9.5, 13, -7.5],
							"size": [8, 9, 0.1],
							"uv": {
								"north": {"uv": [8, 0], "uv_size": [-8, 9]},
								"east": {"uv": [44, 47], "uv_size": [0, 9]},
								"south": {"uv": [17, 0], "uv_size": [-8, 9]},
								"west": {"uv": [47, 42], "uv_size": [0, 9]},
								"up": {"uv": [55, 30], "uv_size": [-8, 0]},
								"down": {"uv": [55, 31], "uv_size": [-8, 0]}
							}
						}
					]
				},
				{
					"name": "leg_front_left",
					"parent": "root",
					"pivot": [2.5, 8, -3],
					"cubes": [
						{
							"origin": [1.5, 4, -4],
							"size": [2, 6, 2],
							"uv": {
								"north": {"uv": [38, 13], "uv_size": [2, 6]},
								"east": {"uv": [17, 38], "uv_size": [2, 6]},
								"south": {"uv": [38, 20], "uv_size": [2, 6]},
								"west": {"uv": [39, 6], "uv_size": [2, 6]},
								"up": {"uv": [32, 27], "uv_size": [2, 2]},
								"down": {"uv": [32, 47], "uv_size": [2, -2]}
							}
						}
					]
				},
				{
					"name": "tibia_front_left",
					"parent": "leg_front_left",
					"pivot": [2.5, 4, -3],
					"cubes": [
						{
							"origin": [1.5, 0, -4],
							"size": [2, 4, 2],
							"uv": {
								"north": {"uv": [35, 43], "uv_size": [2, 4]},
								"east": {"uv": [43, 37], "uv_size": [2, 4]},
								"south": {"uv": [38, 43], "uv_size": [2, 4]},
								"west": {"uv": [41, 43], "uv_size": [2, 4]},
								"up": {"uv": [24, 46], "uv_size": [2, 2]},
								"down": {"uv": [27, 48], "uv_size": [2, -2]}
							}
						}
					]
				},
				{
					"name": "leg_front_right",
					"parent": "root",
					"pivot": [-2.5, 8, -3],
					"cubes": [
						{
							"origin": [-3.5, 4, -4],
							"size": [2, 6, 2],
							"uv": {
								"north": {"uv": [20, 39], "uv_size": [2, 6]},
								"east": {"uv": [23, 39], "uv_size": [2, 6]},
								"south": {"uv": [26, 39], "uv_size": [2, 6]},
								"west": {"uv": [29, 39], "uv_size": [2, 6]},
								"up": {"uv": [46, 37], "uv_size": [2, 2]},
								"down": {"uv": [0, 49], "uv_size": [2, -2]}
							}
						}
					]
				},
				{
					"name": "tibia_front_right",
					"parent": "leg_front_right",
					"pivot": [-2.5, 4, -3],
					"cubes": [
						{
							"origin": [-3.5, 0, -4],
							"size": [2, 4, 2],
							"uv": {
								"north": {"uv": [3, 44], "uv_size": [2, 4]},
								"east": {"uv": [6, 44], "uv_size": [2, 4]},
								"south": {"uv": [9, 44], "uv_size": [2, 4]},
								"west": {"uv": [44, 10], "uv_size": [2, 4]},
								"up": {"uv": [47, 8], "uv_size": [2, 2]},
								"down": {"uv": [47, 13], "uv_size": [2, -2]}
							}
						}
					]
				},
				{
					"name": "leg_back_left",
					"parent": "root",
					"pivot": [2.5, 8, 4],
					"cubes": [
						{
							"origin": [1.5, 4, 2.5],
							"size": [2, 5, 3],
							"uv": {
								"north": {"uv": [32, 39], "uv_size": [2, 5]},
								"east": {"uv": [14, 20], "uv_size": [3, 5]},
								"south": {"uv": [40, 37], "uv_size": [2, 5]},
								"west": {"uv": [36, 37], "uv_size": [3, 5]},
								"up": {"uv": [45, 4], "uv_size": [2, 3]},
								"down": {"uv": [15, 48], "uv_size": [2, -3]}
							}
						}
					]
				},
				{
					"name": "tibia_back_left",
					"parent": "leg_back_left",
					"pivot": [2.5, 4, 4],
					"cubes": [
						{
							"origin": [1.5, 0, 3],
							"size": [2, 4, 2],
							"uv": {
								"north": {"uv": [41, 27], "uv_size": [2, 4]},
								"east": {"uv": [41, 32], "uv_size": [2, 4]},
								"south": {"uv": [42, 0], "uv_size": [2, 4]},
								"west": {"uv": [42, 5], "uv_size": [2, 4]},
								"up": {"uv": [18, 46], "uv_size": [2, 2]},
								"down": {"uv": [21, 48], "uv_size": [2, -2]}
							}
						}
					]
				},
				{
					"name": "leg_back_right",
					"parent": "root",
					"pivot": [-2.5, 8, 4],
					"cubes": [
						{
							"origin": [-3.5, 4, 2.5],
							"size": [2, 5, 3],
							"uv": {
								"north": {"uv": [0, 41], "uv_size": [2, 5]},
								"east": {"uv": [38, 0], "uv_size": [3, 5]},
								"south": {"uv": [41, 13], "uv_size": [2, 5]},
								"west": {"uv": [13, 38], "uv_size": [3, 5]},
								"up": {"uv": [45, 19], "uv_size": [2, 3]},
								"down": {"uv": [45, 26], "uv_size": [2, -3]}
							}
						}
					]
				},
				{
					"name": "tibia_back_right",
					"parent": "leg_back_right",
					"pivot": [-2.5, 4, 4],
					"cubes": [
						{
							"origin": [-3.5, 0, 3],
							"size": [2, 4, 2],
							"uv": {
								"north": {"uv": [12, 44], "uv_size": [2, 4]},
								"east": {"uv": [44, 27], "uv_size": [2, 4]},
								"south": {"uv": [44, 32], "uv_size": [2, 4]},
								"west": {"uv": [44, 42], "uv_size": [2, 4]},
								"up": {"uv": [47, 14], "uv_size": [2, 2]},
								"down": {"uv": [47, 29], "uv_size": [2, -2]}
							}
						}
					]
				}
			]
		}
	]
}