{
	"format_version": "1.12.0",
	"minecraft:geometry": [
		{
			"description": {
				"identifier": "geometry.unknown",
				"texture_width": 64,
				"texture_height": 64,
				"visible_bounds_width": 2,
				"visible_bounds_height": 2.5,
				"visible_bounds_offset": [0, 0.75, 0]
			},
			"bones": [
				{
					"name": "body",
					"pivot": [0, 7.2021, -1.08288],
					"cubes": [
						{
							"origin": [-1.975, 4.7, -5.5],
							"size": [3.95, 4, 9],
							"uv": {
								"north": {"uv": [8, 28], "uv_size": [4, 4]},
								"east": {"uv": [21, 0], "uv_size": [9, 4]},
								"south": {"uv": [13, 29], "uv_size": [4, 4]},
								"west": {"uv": [21, 5], "uv_size": [9, 4]},
								"up": {"uv": [8, 18], "uv_size": [4, 9]},
								"down": {"uv": [21, 19], "uv_size": [4, -9]}
							}
						},
						{
							"origin": [-4, 7, -1],
							"size": [12, 8, 0],
							"pivot": [0, 12, -1],
							"rotation": [-45, 0, 0],
							"uv": {
								"north": {"uv": [0, 0], "uv_size": [12, 8]},
								"east": {"uv": [28, 42], "uv_size": [0, 8]},
								"south": {"uv": [0, 9], "uv_size": [12, 8]},
								"west": {"uv": [24, 44], "uv_size": [0, 8]},
								"up": {"uv": [39, 18], "uv_size": [12, 0]},
								"down": {"uv": [39, 19], "uv_size": [12, 0]}
							}
						}
					]
				},
				{
					"name": "tail",
					"parent": "body",
					"pivot": [0, 8.25, 3.25],
					"cubes": [
						{
							"origin": [-0.5, 7.5, 2],
							"size": [1, 1, 6],
							"pivot": [0, 7, 3],
							"rotation": [22.5, 0, 0],
							"uv": {
								"north": {"uv": [31, 7], "uv_size": [1, 1]},
								"east": {"uv": [38, 28], "uv_size": [6, 1]},
								"south": {"uv": [27, 31], "uv_size": [1, 1]},
								"west": {"uv": [38, 30], "uv_size": [6, 1]},
								"up": {"uv": [29, 38], "uv_size": [1, 6]},
								"down": {"uv": [31, 44], "uv_size": [1, -6]}
							}
						}
					]
				},
				{
					"name": "neck",
					"parent": "body",
					"pivot": [-1.5, -2.7, 0.5],
					"cubes": [
						{
							"origin": [-1.5, 5.3, -6.5],
							"size": [3, 6, 3],
							"pivot": [0.5, 9.3, -4.5],
							"rotation": [45, 0, 0],
							"uv": {
								"north": {"uv": [0, 26], "uv_size": [3, 6]},
								"east": {"uv": [4, 26], "uv_size": [3, 6]},
								"south": {"uv": [26, 10], "uv_size": [3, 6]},
								"west": {"uv": [27, 17], "uv_size": [3, 6]},
								"up": {"uv": [34, 25], "uv_size": [3, 3]},
								"down": {"uv": [27, 37], "uv_size": [3, -3]}
							}
						}
					]
				},
				{
					"name": "h_head",
					"parent": "neck",
					"pivot": [0, 9.4, -5.425],
					"cubes": [
						{
							"origin": [-2, 8.9, -8.175],
							"size": [4, 4, 5],
							"uv": {
								"north": {"uv": [29, 24], "uv_size": [4, 4]},
								"east": {"uv": [21, 20], "uv_size": [5, 4]},
								"south": {"uv": [29, 29], "uv_size": [4, 4]},
								"west": {"uv": [13, 24], "uv_size": [5, 4]},
								"up": {"uv": [19, 25], "uv_size": [4, 5]},
								"down": {"uv": [24, 30], "uv_size": [4, -5]}
							}
						},
						{
							"origin": [-1, 8.9, -13.175],
							"size": [2, 2, 3],
							"uv": {
								"north": {"uv": [39, 15], "uv_size": [2, 2]},
								"east": {"uv": [18, 38], "uv_size": [3, 2]},
								"south": {"uv": [39, 32], "uv_size": [2, 2]},
								"west": {"uv": [22, 38], "uv_size": [3, 2]},
								"up": {"uv": [38, 24], "uv_size": [2, 3]},
								"down": {"uv": [26, 41], "uv_size": [2, -3]}
							}
						},
						{
							"origin": [-1.5, 8.9, -10.175],
							"size": [3, 3, 2],
							"uv": {
								"north": {"uv": [34, 29], "uv_size": [3, 3]},
								"east": {"uv": [39, 0], "uv_size": [2, 3]},
								"south": {"uv": [31, 34], "uv_size": [3, 3]},
								"west": {"uv": [39, 4], "uv_size": [2, 3]},
								"up": {"uv": [6, 39], "uv_size": [3, 2]},
								"down": {"uv": [39, 14], "uv_size": [3, -2]}
							}
						}
					]
				},
				{
					"name": "h_ears",
					"parent": "h_head",
					"pivot": [0.02797, 13.23835, -4.03848],
					"rotation": [-35.57846, -1.95155, 0],
					"cubes": [
						{
							"origin": [-0.48464, 10.68266, -4.23353],
							"size": [7, 7, 0.075],
							"pivot": [3.5323, 15.1246, -4.088],
							"rotation": [0, 0, 22.5],
							"uv": {
								"north": {"uv": [13, 0], "uv_size": [7, 7]},
								"east": {"uv": [35, 33], "uv_size": [1, 7]},
								"south": {"uv": [13, 8], "uv_size": [7, 7]},
								"west": {"uv": [37, 0], "uv_size": [1, 7]},
								"up": {"uv": [36, 8], "uv_size": [7, 1]},
								"down": {"uv": [36, 11], "uv_size": [7, -1]}
							}
						},
						{
							"origin": [-6.51536, 10.68266, -4.23353],
							"size": [7, 7, 0.075],
							"pivot": [-3.5323, 15.1246, -4.088],
							"rotation": [0, 0, -22.5],
							"uv": {
								"north": {"uv": [20, 0], "uv_size": [-7, 7]},
								"east": {"uv": [38, 0], "uv_size": [-1, 7]},
								"south": {"uv": [20, 8], "uv_size": [-7, 7]},
								"west": {"uv": [36, 33], "uv_size": [-1, 7]},
								"up": {"uv": [43, 8], "uv_size": [-7, 1]},
								"down": {"uv": [43, 11], "uv_size": [-7, -1]}
							}
						}
					]
				},
				{
					"name": "front_leg_left",
					"parent": "body",
					"pivot": [2.3, 4.9, -3],
					"rotation": [-9.77519, 5.42936, 2.4731],
					"cubes": [
						{
							"origin": [1.1, 1.25209, -4.20456],
							"size": [2, 5, 2],
							"inflate": -0.15,
							"uv": {
								"north": {"uv": [6, 33], "uv_size": [2, 5]},
								"east": {"uv": [33, 7], "uv_size": [2, 5]},
								"south": {"uv": [9, 33], "uv_size": [2, 5]},
								"west": {"uv": [34, 0], "uv_size": [2, 5]},
								"up": {"uv": [39, 35], "uv_size": [2, 2]},
								"down": {"uv": [39, 40], "uv_size": [2, -2]}
							}
						}
					]
				},
				{
					"name": "front_foot_left",
					"parent": "front_leg_left",
					"pivot": [2.6, 1.6, -2.9],
					"rotation": [9.99067, 0.43399, -2.46207],
					"cubes": [
						{
							"origin": [1.16663, -0.10555, -4.29678],
							"size": [2, 2, 2],
							"uv": {
								"north": {"uv": [33, 41], "uv_size": [2, 2]},
								"east": {"uv": [36, 41], "uv_size": [2, 2]},
								"south": {"uv": [39, 41], "uv_size": [2, 2]},
								"west": {"uv": [42, 0], "uv_size": [2, 2]},
								"up": {"uv": [42, 3], "uv_size": [2, 2]},
								"down": {"uv": [6, 44], "uv_size": [2, -2]}
							}
						}
					]
				},
				{
					"name": "front_leg_right",
					"parent": "body",
					"pivot": [-2.3, 4.9, -3],
					"rotation": [-9.77519, -5.42936, -2.4731],
					"cubes": [
						{
							"origin": [-3.1, 1.25209, -4.20456],
							"size": [2, 5, 2],
							"inflate": -0.15,
							"uv": {
								"north": {"uv": [12, 34], "uv_size": [2, 5]},
								"east": {"uv": [34, 13], "uv_size": [2, 5]},
								"south": {"uv": [15, 34], "uv_size": [2, 5]},
								"west": {"uv": [34, 19], "uv_size": [2, 5]},
								"up": {"uv": [0, 43], "uv_size": [2, 2]},
								"down": {"uv": [3, 45], "uv_size": [2, -2]}
							}
						}
					]
				},
				{
					"name": "front_foot_right",
					"parent": "front_leg_right",
					"pivot": [-2.6, 1.6, -2.9],
					"rotation": [9.99067, -0.43399, 2.46207],
					"cubes": [
						{
							"origin": [-3.16663, -0.10555, -4.29678],
							"size": [2, 2, 2],
							"uv": {
								"north": {"uv": [42, 15], "uv_size": [2, 2]},
								"east": {"uv": [25, 42], "uv_size": [2, 2]},
								"south": {"uv": [42, 32], "uv_size": [2, 2]},
								"west": {"uv": [42, 35], "uv_size": [2, 2]},
								"up": {"uv": [42, 38], "uv_size": [2, 2]},
								"down": {"uv": [42, 43], "uv_size": [2, -2]}
							}
						}
					]
				},
				{
					"name": "back_leg_left",
					"parent": "body",
					"pivot": [2.1, 6.3, 2.6],
					"rotation": [10, 0, 0],
					"cubes": [
						{
							"origin": [0.9, 1.25209, 1.30456],
							"size": [2, 6, 2],
							"inflate": -0.15,
							"uv": {
								"north": {"uv": [30, 10], "uv_size": [2, 6]},
								"east": {"uv": [31, 0], "uv_size": [2, 6]},
								"south": {"uv": [31, 17], "uv_size": [2, 6]},
								"west": {"uv": [18, 31], "uv_size": [2, 6]},
								"up": {"uv": [0, 40], "uv_size": [2, 2]},
								"down": {"uv": [3, 42], "uv_size": [2, -2]}
							}
						}
					]
				},
				{
					"name": "back_foot_left",
					"parent": "back_leg_left",
					"pivot": [2.4, 2.0155, 2.35853],
					"rotation": [-10, 0, 0],
					"cubes": [
						{
							"origin": [0.9, 0.01318, 0.96031],
							"size": [2, 2, 2],
							"uv": {
								"north": {"uv": [10, 40], "uv_size": [2, 2]},
								"east": {"uv": [13, 40], "uv_size": [2, 2]},
								"south": {"uv": [16, 41], "uv_size": [2, 2]},
								"west": {"uv": [19, 41], "uv_size": [2, 2]},
								"up": {"uv": [22, 41], "uv_size": [2, 2]},
								"down": {"uv": [41, 26], "uv_size": [2, -2]}
							}
						}
					]
				},
				{
					"name": "back_leg_right",
					"parent": "body",
					"pivot": [-2.1, 6.3, 2.6],
					"rotation": [10, 0, 0],
					"cubes": [
						{
							"origin": [-2.9, 1.25209, 1.30456],
							"size": [2, 6, 2],
							"inflate": -0.15,
							"uv": {
								"north": {"uv": [21, 31], "uv_size": [2, 6]},
								"east": {"uv": [24, 31], "uv_size": [2, 6]},
								"south": {"uv": [0, 33], "uv_size": [2, 6]},
								"west": {"uv": [3, 33], "uv_size": [2, 6]},
								"up": {"uv": [18, 44], "uv_size": [2, 2]},
								"down": {"uv": [21, 46], "uv_size": [2, -2]}
							}
						}
					]
				},
				{
					"name": "back_foot_right",
					"parent": "back_leg_right",
					"pivot": [-2.4, 2.0155, 2.10853],
					"rotation": [-10, 0, 0],
					"cubes": [
						{
							"origin": [-2.9, 0.05659, 0.95651],
							"size": [2, 2, 2],
							"uv": {
								"north": {"uv": [9, 43], "uv_size": [2, 2]},
								"east": {"uv": [12, 43], "uv_size": [2, 2]},
								"south": {"uv": [43, 12], "uv_size": [2, 2]},
								"west": {"uv": [44, 6], "uv_size": [2, 2]},
								"up": {"uv": [44, 9], "uv_size": [2, 2]},
								"down": {"uv": [15, 46], "uv_size": [2, -2]}
							}
						}
					]
				}
			]
		}
	]
}