{
	"format_version": "1.12.0",
	"minecraft:geometry": [
		{
			"description": {
				"identifier": "geometry.pet_dragon_chinois",
				"texture_width": 32,
				"texture_height": 32,
				"visible_bounds_width": 3,
				"visible_bounds_height": 2.5,
				"visible_bounds_offset": [0, 0.75, 0]
			},
			"bones": [
				{
					"name": "root",
					"pivot": [0, 11, -2]
				},
				{
					"name": "body",
					"parent": "root",
					"pivot": [0, 10.5, -8]
				},
				{
					"name": "head",
					"parent": "body",
					"pivot": [0, 10.5, -8],
					"cubes": [
						{"origin": [-2, 8.5, -11], "size": [4, 4, 4], "pivot": [2, 8.5, -11], "rotation": [10, 0, 0], "uv": [0, 0]},
						{"origin": [-2, 12.5, -11], "size": [4, 2, 5], "pivot": [2, 8.5, -11], "rotation": [10, 0, 0], "uv": [10, 19]},
						{"origin": [-2.1, 8.825, -9.05], "size": [4.2, 2, 4], "pivot": [-1.1, 8.825, -9.05], "rotation": [-20, 0, 0], "uv": [12, 4]},
						{"origin": [-2.1, 10.81423, -9.69459], "size": [4.2, 2, 4], "pivot": [-1.1, 12.81423, -9.69459], "rotation": [20, 0, 0], "uv": [0, 8]},
						{"origin": [-2, 10.4, -14.1], "size": [4, 1.2, 1.2], "inflate": -0.1, "uv": [0, 27]},
						{"origin": [-2, 9.4, -14.1], "size": [4, 1.2, 3.2], "inflate": -0.1, "uv": [12, 0]},
						{"origin": [-1.45, 9, -14], "size": [2.9, 1, 1], "uv": [12, 17]}
					]
				},
				{
					"name": "mustache_X",
					"parent": "head",
					"pivot": [1.9, 10.5, -13.5],
					"rotation": [67.5, 0, 0]
				},
				{
					"name": "right_mustache1",
					"parent": "mustache_X",
					"pivot": [-1.9, 10.5, -13.5],
					"rotation": [0, 0, -50],
					"cubes": [
						{"origin": [-4.9, 10.5, -14], "size": [3, 0, 1], "uv": [22, 0], "mirror": true}
					]
				},
				{
					"name": "right_mustache2",
					"parent": "right_mustache1",
					"pivot": [-4.9, 10.5, -13.5],
					"rotation": [0, 0, -47.5],
					"cubes": [
						{"origin": [-7.9, 10.5, -14], "size": [3, 0, 1], "uv": [22, 1], "mirror": true}
					]
				},
				{
					"name": "right_mustache3",
					"parent": "right_mustache2",
					"pivot": [-7.9, 10.5, -13.5],
					"rotation": [0, 0, 45],
					"cubes": [
						{"origin": [-10.9, 10.5, -14], "size": [3, 0, 1], "uv": [22, 2], "mirror": true}
					]
				},
				{
					"name": "left_mustache1",
					"parent": "mustache_X",
					"pivot": [1.9, 10.5, -13.5],
					"rotation": [0, 0, 50],
					"cubes": [
						{"origin": [1.9, 10.5, -14], "size": [3, 0, 1], "uv": [22, 0]}
					]
				},
				{
					"name": "left_mustache2",
					"parent": "left_mustache1",
					"pivot": [4.9, 10.5, -13.5],
					"rotation": [0, 0, 47.5],
					"cubes": [
						{"origin": [4.9, 10.5, -14], "size": [3, 0, 1], "uv": [22, 1]}
					]
				},
				{
					"name": "left_mustache3",
					"parent": "left_mustache2",
					"pivot": [7.9, 10.5, -13.5],
					"rotation": [0, 0, -45],
					"cubes": [
						{"origin": [7.9, 10.5, -14], "size": [3, 0, 1], "uv": [22, 2]}
					]
				},
				{
					"name": "mouth",
					"parent": "head",
					"pivot": [2, 9.48481, -11.17365],
					"cubes": [
						{"origin": [-1.5, 6.5, -14], "size": [3, 2, 2], "pivot": [0, 8.5, -14], "rotation": [32.5, 0, 0], "uv": [22, 10]},
						{"origin": [-1.6, 8.5, -14], "size": [3.2, 1, 3], "uv": [13, 11]},
						{"origin": [-1.35, 9, -14], "size": [2.7, 1, 1], "uv": [22, 17]}
					]
				},
				{
					"name": "body1",
					"parent": "body",
					"pivot": [0, 10.25, -8],
					"cubes": [
						{"origin": [-1.25, 9, -8], "size": [2.5, 2.5, 3], "uv": [0, 14]},
						{"origin": [-0.025, 11.5, -8], "size": [0, 2, 2], "uv": [7, 12]}
					]
				},
				{
					"name": "body2",
					"parent": "body1",
					"pivot": [0, 10.25, -5],
					"cubes": [
						{"origin": [-1.1, 9, -5], "size": [2.2, 2.5, 3], "uv": [0, 14]},
						{"origin": [0.025, 11.5, -5], "size": [0, 2, 2], "uv": [7, 12]}
					]
				},
				{
					"name": "front_legs",
					"parent": "body2",
					"pivot": [0, 10, -3.5]
				},
				{
					"name": "front_left_leg",
					"parent": "front_legs",
					"pivot": [1.35, 10, -3.5],
					"cubes": [
						{"origin": [1.35, 6.5, -5], "size": [0, 4, 4], "uv": [0, 15]}
					]
				},
				{
					"name": "front_right_leg",
					"parent": "front_legs",
					"pivot": [-1.35, 10, -3.5],
					"cubes": [
						{"origin": [-1.35, 6.5, -5], "size": [0, 4, 4], "uv": [0, 15], "mirror": true}
					]
				},
				{
					"name": "body3",
					"parent": "body2",
					"pivot": [0, 10.25, -2],
					"cubes": [
						{"origin": [-1.25, 9, -2], "size": [2.5, 2.5, 3], "uv": [0, 14]},
						{"origin": [-0.025, 11.5, -2], "size": [0, 2, 2], "uv": [7, 12]}
					]
				},
				{
					"name": "body4",
					"parent": "body3",
					"pivot": [0, 10.25, 1],
					"cubes": [
						{"origin": [-1.1, 9, 1], "size": [2.2, 2.5, 3], "uv": [0, 14]},
						{"origin": [0.025, 11.5, 1], "size": [0, 2, 2], "uv": [7, 12]}
					]
				},
				{
					"name": "body5",
					"parent": "body4",
					"pivot": [0, 10.25, 4],
					"cubes": [
						{"origin": [-1, 9, 4], "size": [2, 2.5, 3], "uv": [0, 14]},
						{"origin": [-0.025, 11.5, 4], "size": [0, 2, 2], "uv": [7, 12]}
					]
				},
				{
					"name": "back_legs",
					"parent": "body5",
					"pivot": [0, 10, 5.5]
				},
				{
					"name": "back_left_leg",
					"parent": "back_legs",
					"pivot": [1.35, 10, 5.5],
					"cubes": [
						{"origin": [1.35, 6.5, 4], "size": [0, 4, 4], "uv": [0, 15]}
					]
				},
				{
					"name": "back_right_leg",
					"parent": "back_legs",
					"pivot": [-1.35, 10, 5.5],
					"cubes": [
						{"origin": [-1.35, 6.5, 4], "size": [0, 4, 4], "uv": [0, 15], "mirror": true}
					]
				},
				{
					"name": "tail1",
					"parent": "body5",
					"pivot": [0, 10.25, 7],
					"cubes": [
						{"origin": [-0.75, 9, 7], "size": [1.5, 2.5, 2], "uv": [24, 4]},
						{"origin": [0.025, 11.5, 7], "size": [0, 2, 2], "uv": [7, 12]}
					]
				},
				{
					"name": "tail2",
					"parent": "tail1",
					"pivot": [0, 9.75, 9],
					"cubes": [
						{"origin": [0, 8.25, 9], "size": [0, 4, 5], "uv": [0, 18]}
					]
				}
			]
		}
	]
}