{
	"format_version": "1.12.0",
	"minecraft:geometry": [
		{
			"description": {
				"identifier": "geometry.feng_uang",
				"texture_width": 32,
				"texture_height": 32,
				"visible_bounds_width": 3,
				"visible_bounds_height": 2.5,
				"visible_bounds_offset": [0, 0.75, 0]
			},
			"bones": [
				{
					"name": "scale",
					"pivot": [0, 0, 0]
				},
				{
					"name": "corps",
					"parent": "scale",
					"pivot": [0, 9, 0]
				},
				{
					"name": "stalibiser",
					"parent": "corps",
					"pivot": [0, 9, 0],
					"cubes": [
						{"origin": [-2.5, 6, -4], "size": [5, 5, 7], "inflate": -0.01, "uv": [0, 8]}
					]
				},
				{
					"name": "tete",
					"parent": "stalibiser",
					"pivot": [0.5, 10, -4],
					"cubes": [
						{"origin": [-2.5, 9, -9], "size": [5, 4, 5], "uv": [12, 23]},
						{"origin": [-1.5, 9, -11], "size": [3, 2, 2], "uv": [0, 20]},
						{"origin": [-2.5, 13, -4], "size": [5, 0, 5], "uv": [18, 0]}
					]
				},
				{
					"name": "popiere",
					"parent": "tete",
					"pivot": [2, 10.5, -7],
					"cubes": [
						{"origin": [1.5, 10, -8], "size": [1, 1, 2], "inflate": -0.01, "uv": [0, 29]}
					]
				},
				{
					"name": "popiere2",
					"parent": "tete",
					"pivot": [-2, 10.5, -7],
					"cubes": [
						{"origin": [-2.5, 10, -8], "size": [1, 1, 2], "inflate": -0.01, "uv": [0, 29], "mirror": true}
					]
				},
				{
					"name": "patte_droite",
					"parent": "stalibiser",
					"pivot": [1, 6, 0],
					"rotation": [32.5, 0, 0],
					"cubes": [
						{"origin": [0.5, 3, -2], "size": [2, 3, 2], "uv": [0, 24]}
					]
				},
				{
					"name": "patte_gauche",
					"parent": "stalibiser",
					"pivot": [-1, 6, 0],
					"rotation": [32.5, 0, 0],
					"cubes": [
						{"origin": [-2.5, 3, -2], "size": [2, 3, 2], "uv": [0, 24], "mirror": true}
					]
				},
				{
					"name": "aile_droite",
					"parent": "stalibiser",
					"pivot": [2.5, 9, -2],
					"rotation": [0, 0, 57.5],
					"cubes": [
						{"origin": [2.5, 9, -4], "size": [8, 1, 7], "uv": [0, 0], "mirror": true},
						{"origin": [2.5, 9, 0], "size": [8, 1, 0], "uv": [14, 22], "mirror": true}
					]
				},
				{
					"name": "aile_gauche",
					"parent": "stalibiser",
					"pivot": [-2.5, 9, -2],
					"rotation": [0, 0, -57.5],
					"cubes": [
						{"origin": [-10.5, 9, -4], "size": [8, 1, 7], "uv": [0, 0]},
						{"origin": [-10.5, 9, 0], "size": [8, 1, 0], "uv": [14, 22]}
					]
				},
				{
					"name": "queue",
					"parent": "stalibiser",
					"pivot": [0.5, 10, 3],
					"rotation": [35, 0, 0],
					"cubes": [
						{"origin": [-1.5, 10, 3], "size": [4, 0, 12], "uv": [12, 8]}
					]
				}
			]
		}
	]
}