{
	"format_version": "1.12.0",
	"minecraft:geometry": [
		{
			"description": {
				"identifier": "geometry.kapio_koi",
				"texture_width": 32,
				"texture_height": 32,
				"visible_bounds_width": 3,
				"visible_bounds_height": 2.5,
				"visible_bounds_offset": [0, 0.75, 0]
			},
			"bones": [
				{
					"name": "scale",
					"pivot": [0, 0, 0]
				},
				{
					"name": "corps",
					"parent": "scale",
					"pivot": [0.5, 6, 0]
				},
				{
					"name": "sup_rot",
					"parent": "corps",
					"pivot": [0.5, 6, 0],
					"cubes": [
						{"origin": [-3.5, 6, -8], "size": [7, 4, 9], "uv": [0, 0]}
					]
				},
				{
					"name": "moustache",
					"parent": "sup_rot",
					"pivot": [3.5, 6, -8],
					"rotation": [0, 0, 22.5],
					"cubes": [
						{"origin": [3.5, 6, -8], "size": [5, 0, 4], "uv": [4, 22]}
					]
				},
				{
					"name": "moustache2",
					"parent": "sup_rot",
					"pivot": [-3.5, 6, -8],
					"rotation": [0, 0, -22.5],
					"cubes": [
						{"origin": [-8.5, 6, -8], "size": [5, 0, 4], "uv": [4, 22], "mirror": true}
					]
				},
				{
					"name": "nageoire_gauche",
					"parent": "sup_rot",
					"pivot": [3.5, 7, -1],
					"rotation": [0, 0, 35],
					"cubes": [
						{"origin": [3.5, 7, -3], "size": [4, 1, 4], "uv": [12, 13]}
					]
				},
				{
					"name": "nageoire_droite",
					"parent": "sup_rot",
					"pivot": [-3.5, 7, -1],
					"rotation": [0, 0, -35],
					"cubes": [
						{"origin": [-7.5, 7, -3], "size": [4, 1, 4], "uv": [12, 13], "mirror": true}
					]
				},
				{
					"name": "nageoire",
					"parent": "sup_rot",
					"pivot": [0, 7.5, 1],
					"cubes": [
						{"origin": [-1.5, 6, 1], "size": [3, 3, 6], "uv": [0, 13]}
					]
				},
				{
					"name": "nageoire2",
					"parent": "nageoire",
					"pivot": [0, 7.5, 7],
					"cubes": [
						{"origin": [-0.5, 4, 7], "size": [1, 7, 3], "uv": [0, 22]}
					]
				},
				{
					"name": "bubble",
					"parent": "scale",
					"pivot": [0, 8, -7.5],
					"cubes": [
						{"origin": [-2, 6, -8], "size": [4, 4, 1], "inflate": -0.5, "uv": [23, 27]}
					]
				},
				{
					"name": "bubble2",
					"parent": "scale",
					"pivot": [0, 8, -7.5],
					"cubes": [
						{"origin": [-2, 6, -8], "size": [4, 4, 1], "inflate": -0.5, "uv": [23, 27]}
					]
				}
			]
		}
	]
}