{
	"format_version": "1.12.0",
	"minecraft:geometry": [
		{
			"description": {
				"identifier": "geometry.mini_golem",
				"texture_width": 32,
				"texture_height": 32,
				"visible_bounds_width": 2,
				"visible_bounds_height": 2.5,
				"visible_bounds_offset": [0, 0.75, 0]
			},
			"bones": [
				{
					"name": "body",
					"pivot": [0, 6, 0],
					"cubes": [
						{"origin": [-3, 3, -1], "size": [6, 3, 3], "inflate": -0.025, "uv": [0, 20]}
					]
				},
				{
					"name": "top",
					"parent": "body",
					"pivot": [0, 6, 0.5],
					"cubes": [
						{"origin": [-4, 6, -2], "size": [8, 5, 5], "uv": [0, 0]}
					]
				},
				{
					"name": "head",
					"parent": "top",
					"pivot": [0, 11, -1],
					"cubes": [
						{"origin": [-2, 11, -3], "size": [4, 6, 4], "uv": [0, 10]}
					]
				},
				{
					"name": "popiere",
					"parent": "head",
					"pivot": [1.5, 12.5, -2.5],
					"cubes": [
						{"origin": [1, 12, -3], "size": [1, 1, 1], "inflate": -0.01, "uv": [0, 26]}
					]
				},
				{
					"name": "popiere2",
					"parent": "head",
					"pivot": [-1.5, 12.5, -2.5],
					"cubes": [
						{"origin": [-2, 12, -3], "size": [1, 1, 1], "inflate": -0.01, "uv": [0, 26], "mirror": true}
					]
				},
				{
					"name": "right_arm",
					"parent": "top",
					"pivot": [4, 8, 0],
					"rotation": [0, 0, -12.5],
					"cubes": [
						{"origin": [4, 1, -1], "size": [2, 8, 3], "uv": [22, 14], "mirror": true}
					]
				},
				{
					"name": "left_arm",
					"parent": "top",
					"pivot": [-4, 8, 0],
					"rotation": [0, 0, 12.5],
					"cubes": [
						{"origin": [-6, 1, -1], "size": [2, 8, 3], "uv": [22, 14]}
					]
				},
				{
					"name": "right_leg",
					"parent": "body",
					"pivot": [2, 4, 0],
					"cubes": [
						{"origin": [1, 0, -1], "size": [3, 4, 3], "uv": [20, 25], "mirror": true}
					]
				},
				{
					"name": "left_leg",
					"parent": "body",
					"pivot": [-2, 4, 0],
					"cubes": [
						{"origin": [-4, 0, -1], "size": [3, 4, 3], "uv": [20, 25]}
					]
				}
			]
		}
	]
}