{
	"format_version": "1.12.0",
	"minecraft:geometry": [
		{
			"description": {
				"identifier": "geometry.unknown",
				"texture_width": 64,
				"texture_height": 64,
				"visible_bounds_width": 3,
				"visible_bounds_height": 2.5,
				"visible_bounds_offset": [0, 0.75, 0]
			},
			"bones": [
				{
					"name": "bone",
					"pivot": [0, 0, 0],
					"cubes": [
						{"origin": [-5, 0, -6], "size": [10, 6, 9], "uv": [0, 0]},
						{"origin": [-2, 0, -8], "size": [4, 4, 2], "uv": [20, 24]},
						{"origin": [-3, 0, 3], "size": [6, 4, 4], "uv": [0, 22]}
					]
				},
				{
					"name": "bone2",
					"parent": "bone",
					"pivot": [5, 3, 0],
					"cubes": [
						{"origin": [5, 1, -3], "size": [4, 2, 6], "pivot": [5, 3, 0], "rotation": [0, 0, 17.5], "uv": [20, 16]}
					]
				},
				{
					"name": "bone3",
					"parent": "bone",
					"pivot": [-5, 3, 0],
					"cubes": [
						{"origin": [-9, 1, -3], "size": [4, 2, 6], "pivot": [-5, 3, 0], "rotation": [0, 0, -17.5], "uv": [20, 16], "mirror": true}
					]
				},
				{
					"name": "bone4",
					"parent": "bone",
					"pivot": [0, 3, 7],
					"cubes": [
						{"origin": [-4, 1, 7], "size": [8, 2, 5], "pivot": [0, 3, 7], "rotation": [-12.5, 0, 0], "uv": [0, 15]}
					]
				},
				{
					"name": "bone6",
					"pivot": [0, 11, -1],
					"cubes": [
						{"origin": [-3, 9, -4], "size": [6, 4, 6], "uv": [38, 0]}
					]
				},
				{
					"name": "bone5",
					"parent": "bone6",
					"pivot": [0, 8, -1],
					"cubes": [
						{"origin": [-1, 8, -2], "size": [2, 3, 2], "uv": [40, 18]},
						{"origin": [-3, 6, -4], "size": [6, 2, 6], "uv": [38, 10]}
					]
				},
				{
					"name": "bone7",
					"parent": "bone5",
					"pivot": [0, 8, -1],
					"cubes": [
						{"origin": [-1, 8, -2], "size": [2, 3, 2], "uv": [40, 18]}
					]
				}
			]
		}
	]
}