{
	"format_version": "1.12.0",
	"minecraft:geometry": [
		{
			"description": {
				"identifier": "geometry.unknown",
				"texture_width": 64,
				"texture_height": 64,
				"visible_bounds_width": 2,
				"visible_bounds_height": 3.5,
				"visible_bounds_offset": [0, 1.25, 0]
			},
			"bones": [
				{
					"name": "root",
					"pivot": [0, 6, 0]
				},
				{
					"name": "foot_left",
					"parent": "root",
					"pivot": [5, 1, 0],
					"cubes": [
						{
							"origin": [4, 0, -3],
							"size": [2, 1, 4],
							"uv": {
								"north": {"uv": [38, 20], "uv_size": [2, 1]},
								"east": {"uv": [3, 36], "uv_size": [4, 1]},
								"south": {"uv": [38, 22], "uv_size": [2, 1]},
								"west": {"uv": [36, 6], "uv_size": [4, 1]},
								"up": {"uv": [28, 11], "uv_size": [2, 4]},
								"down": {"uv": [19, 32], "uv_size": [2, -4]}
							}
						}
					]
				},
				{
					"name": "foot_right",
					"parent": "root",
					"pivot": [-5, 1, 0],
					"cubes": [
						{
							"origin": [-6, 0, -3],
							"size": [2, 1, 4],
							"uv": {
								"north": {"uv": [38, 24], "uv_size": [2, 1]},
								"east": {"uv": [36, 8], "uv_size": [4, 1]},
								"south": {"uv": [38, 29], "uv_size": [2, 1]},
								"west": {"uv": [36, 14], "uv_size": [4, 1]},
								"up": {"uv": [29, 16], "uv_size": [2, 4]},
								"down": {"uv": [22, 34], "uv_size": [2, -4]}
							}
						}
					]
				},
				{
					"name": "torso",
					"parent": "root",
					"pivot": [0, 0, 0],
					"cubes": [
						{
							"origin": [-5, 1, -5],
							"size": [10, 10, 10],
							"uv": {
								"north": {"uv": [0, 0], "uv_size": [10, 10]},
								"east": {"uv": [0, 11], "uv_size": [10, 10]},
								"south": {"uv": [11, 0], "uv_size": [10, 10]},
								"west": {"uv": [11, 11], "uv_size": [10, 10]},
								"up": {"uv": [0, 22], "uv_size": [10, 10]},
								"down": {"uv": [22, 10], "uv_size": [10, -10]}
							}
						}
					]
				},
				{
					"name": "arm_left",
					"parent": "torso",
					"pivot": [5, 3, -2],
					"cubes": [
						{
							"origin": [5, 2, -3],
							"size": [3, 2, 2],
							"uv": {
								"north": {"uv": [31, 11], "uv_size": [3, 2]},
								"east": {"uv": [33, 27], "uv_size": [2, 2]},
								"south": {"uv": [31, 30], "uv_size": [3, 2]},
								"west": {"uv": [35, 24], "uv_size": [2, 2]},
								"up": {"uv": [32, 14], "uv_size": [3, 2]},
								"down": {"uv": [32, 19], "uv_size": [3, -2]}
							}
						}
					]
				},
				{
					"name": "arm_right",
					"parent": "torso",
					"pivot": [-5, 3, -2],
					"cubes": [
						{
							"origin": [-8, 2, -3],
							"size": [3, 2, 2],
							"uv": {
								"north": {"uv": [0, 33], "uv_size": [3, 2]},
								"east": {"uv": [35, 30], "uv_size": [2, 2]},
								"south": {"uv": [33, 0], "uv_size": [3, 2]},
								"west": {"uv": [0, 36], "uv_size": [2, 2]},
								"up": {"uv": [33, 3], "uv_size": [3, 2]},
								"down": {"uv": [4, 35], "uv_size": [3, -2]}
							}
						}
					]
				},
				{
					"name": "ear_left",
					"parent": "torso",
					"pivot": [3, 11, 0],
					"cubes": [
						{
							"origin": [2, 10, 0],
							"size": [2, 3, 1],
							"uv": {
								"north": {"uv": [33, 6], "uv_size": [2, 3]},
								"east": {"uv": [36, 16], "uv_size": [1, 3]},
								"south": {"uv": [8, 33], "uv_size": [2, 3]},
								"west": {"uv": [37, 0], "uv_size": [1, 3]},
								"up": {"uv": [38, 31], "uv_size": [2, 1]},
								"down": {"uv": [0, 40], "uv_size": [2, -1]}
							}
						},
						{
							"origin": [1.5, 13, 0],
							"size": [3, 6, 1],
							"uv": {
								"north": {"uv": [23, 23], "uv_size": [3, 6]},
								"east": {"uv": [19, 33], "uv_size": [1, 6]},
								"south": {"uv": [27, 23], "uv_size": [3, 6]},
								"west": {"uv": [33, 20], "uv_size": [1, 6]},
								"up": {"uv": [36, 27], "uv_size": [3, 1]},
								"down": {"uv": [37, 5], "uv_size": [3, -1]}
							}
						},
						{
							"origin": [2, 19, 0],
							"size": [2, 3, 1],
							"uv": {
								"north": {"uv": [31, 33], "uv_size": [2, 3]},
								"east": {"uv": [8, 37], "uv_size": [1, 3]},
								"south": {"uv": [34, 33], "uv_size": [2, 3]},
								"west": {"uv": [31, 37], "uv_size": [1, 3]},
								"up": {"uv": [39, 0], "uv_size": [2, 1]},
								"down": {"uv": [39, 3], "uv_size": [2, -1]}
							}
						},
						{
							"origin": [0.5, 20, 0.5],
							"size": [5, 5, 0],
							"uv": {
								"north": {"uv": [11, 22], "uv_size": [5, 5]},
								"east": {"uv": [18, 35], "uv_size": [0, 5]},
								"south": {"uv": [22, 11], "uv_size": [5, 5]},
								"west": {"uv": [7, 38], "uv_size": [0, 5]},
								"up": {"uv": [38, 26], "uv_size": [5, 0]},
								"down": {"uv": [39, 33], "uv_size": [5, 0]}
							}
						},
						{
							"origin": [2.5, 12, -0.025],
							"size": [1, 8, 0],
							"uv": {
								"north": {"uv": [25, 30], "uv_size": [1, 8]},
								"east": {"uv": [13, 39], "uv_size": [0, 8]},
								"south": {"uv": [27, 30], "uv_size": [1, 8]},
								"west": {"uv": [30, 39], "uv_size": [0, 8]},
								"up": {"uv": [29, 21], "uv_size": [1, 0]},
								"down": {"uv": [29, 22], "uv_size": [1, 0]}
							}
						}
					]
				},
				{
					"name": "ear_right",
					"parent": "torso",
					"pivot": [-3, 11, 0],
					"cubes": [
						{
							"origin": [-4, 10, 0],
							"size": [2, 3, 1],
							"uv": {
								"north": {"uv": [35, 10], "uv_size": [2, 3]},
								"east": {"uv": [33, 37], "uv_size": [1, 3]},
								"south": {"uv": [11, 35], "uv_size": [2, 3]},
								"west": {"uv": [37, 33], "uv_size": [1, 3]},
								"up": {"uv": [10, 39], "uv_size": [2, 1]},
								"down": {"uv": [21, 40], "uv_size": [2, -1]}
							}
						},
						{
							"origin": [-4.5, 13, 0],
							"size": [3, 6, 1],
							"uv": {
								"north": {"uv": [11, 28], "uv_size": [3, 6]},
								"east": {"uv": [14, 35], "uv_size": [1, 6]},
								"south": {"uv": [15, 28], "uv_size": [3, 6]},
								"west": {"uv": [16, 35], "uv_size": [1, 6]},
								"up": {"uv": [35, 37], "uv_size": [3, 1]},
								"down": {"uv": [3, 39], "uv_size": [3, -1]}
							}
						},
						{
							"origin": [-4, 19, 0],
							"size": [2, 3, 1],
							"uv": {
								"north": {"uv": [35, 20], "uv_size": [2, 3]},
								"east": {"uv": [38, 10], "uv_size": [1, 3]},
								"south": {"uv": [21, 35], "uv_size": [2, 3]},
								"west": {"uv": [38, 16], "uv_size": [1, 3]},
								"up": {"uv": [24, 39], "uv_size": [2, 1]},
								"down": {"uv": [27, 40], "uv_size": [2, -1]}
							}
						},
						{
							"origin": [-5.5, 20, 0.5],
							"size": [5, 5, 0],
							"uv": {
								"north": {"uv": [17, 22], "uv_size": [5, 5]},
								"east": {"uv": [39, 34], "uv_size": [0, 5]},
								"south": {"uv": [23, 17], "uv_size": [5, 5]},
								"west": {"uv": [35, 39], "uv_size": [0, 5]},
								"up": {"uv": [40, 10], "uv_size": [5, 0]},
								"down": {"uv": [40, 11], "uv_size": [5, 0]}
							}
						},
						{
							"origin": [-3.5, 12, -0.025],
							"size": [1, 8, 0],
							"uv": {
								"north": {"uv": [29, 30], "uv_size": [1, 8]},
								"east": {"uv": [36, 39], "uv_size": [0, 8]},
								"south": {"uv": [31, 21], "uv_size": [1, 8]},
								"west": {"uv": [37, 39], "uv_size": [0, 8]},
								"up": {"uv": [33, 10], "uv_size": [1, 0]},
								"down": {"uv": [36, 29], "uv_size": [1, 0]}
							}
						}
					]
				}
			]
		}
	]
}